Y,V_1,V_2,V_3,V_4,V_5,V_6,V_7,V_8,V_9,V_10,V_11,V_12,V_13,V_14,tsWghtP_n
2,7,1,1,0,1,1,2,4,1,2,2,1,1,M,0.91
4,8,1,2,4,5,1,1,1,6,2,2,1,1,V,1.25
3,3,1,1,0,8,1,1,2,4,1,2,2,1,I,0.98
4,4,1,1,0,8,1,1,4,6,3,2,2,1,2,1.69
3,8,2,2,0,2,2,2,3,1,2,4,1,1,K,0.6
3,7,1,2,0,7,1,2,2,1,3,2,2,1,A,1.52
3,4,1,1,0,1,1,1,6,1,3,2,1,1,P,1.63
3,8,2,3,2,5,1,1,1,4,1,1,1,1,L,0.63
3,8,2,2,0,2,1,1,4,1,2,3,1,1,D,0.62
4,6,2,2,2,4,1,1,3,4,2,2,1,1,M,1.04
3,8,2,3,0,6,1,1,3,3,3,3,1,1,G,1.0
4,3,0,1,0,1,1,2,6,4,2,2,1,3,M,1.12
3,8,2,3,0,6,2,1,1,5,5,3,1,1,X,1.12
1,8,1,2,0,2,2,1,1,5,1,3,1,1,Z,0.09
2,8,2,2,0,2,1,1,1,1,2,1,1,1,J,0.72
4,3,1,1,0,8,1,1,2,2,1,3,2,1,Z,0.09
4,7,1,2,0,2,1,1,2,5,2,1,1,1,4,0.85
4,4,1,1,0,1,1,1,3,3,1,1,1,1,U,1.48
4,7,1,1,0,8,2,2,5,3,2,3,1,1,D,0.71
2,4,2,2,2,4,2,1,1,1,4,2,1,3,S,0.41
3,4,1,1,1,3,1,2,3,4,2,2,1,3,E,0.74
1,8,2,4,0,6,2,1,1,6,5,3,1,1,X,1.04
4,6,1,3,0,6,1,1,4,5,2,2,2,3,M,1.12
2,2,1,1,0,8,1,1,4,5,2,2,2,1,V,1.99
2,8,2,2,2,4,1,1,1,1,5,3,1,1,X,0.87
3,7,0,2,0,2,2,1,1,1,1,3,1,1,Z,0.07
4,6,2,2,0,7,1,1,1,4,1,1,1,1,L,0.63
4,8,1,2,0,7,1,2,2,2,3,1,1,1,N,1.38
4,7,1,2,0,7,1,2,5,1,4,4,2,1,3,0.57
4,3,1,1,0,8,1,2,3,1,3,3,2,1,G,0.87
3,3,1,2,0,2,1,1,1,5,3,2,2,3,F,0.43
3,4,1,1,0,1,1,1,2,4,1,1,2,1,U,1.48
3,8,2,2,0,7,1,1,2,1,1,1,2,1,L,0.42
3,6,1,1,0,8,1,1,3,6,4,4,2,1,3,0.62
3,8,1,2,0,2,1,1,7,1,2,2,1,1,M,0.89
3,5,2,2,0,7,2,1,1,4,1,4,2,1,6,0.15
2,8,2,2,0,2,1,2,2,2,3,2,1,1,P,1.53
3,3,1,1,0,1,1,2,4,6,2,2,2,1,M,1.04
4,4,1,1,0,1,1,2,3,4,2,2,1,1,C,1.08
4,7,1,1,0,1,1,2,4,1,2,2,1,3,M,0.91
4,7,2,2,0,7,1,1,1,1,2,2,2,1,M,0.72
3,4,1,2,0,2,1,2,4,1,4,2,1,3,Y,1.53
3,8,2,2,2,4,1,1,1,5,2,2,1,1,M,0.75
3,2,1,1,0,8,1,1,1,4,2,2,2,1,V,1.36
4,8,2,2,0,2,2,1,1,3,5,5,1,1,W,0.11
4,6,1,4,0,2,1,1,1,5,2,2,1,1,C,0.9
3,7,2,2,2,4,2,1,1,6,1,3,1,1,Z,0.08
3,1,1,1,0,8,2,1,2,1,3,3,2,3,G,0.81
4,7,1,1,0,1,1,1,2,3,1,2,1,3,I,0.83
4,8,1,2,0,7,2,2,1,1,2,3,1,3,D,0.45
4,3,1,1,0,8,1,2,5,3,3,2,2,3,P,1.76
4,8,2,2,0,7,1,1,1,4,3,2,1,1,2,1.46
2,8,2,3,0,6,2,1,3,1,4,4,1,1,3,0.55
3,5,1,2,0,7,1,1,2,4,3,2,1,1,2,1.71
3,1,1,2,0,7,1,2,2,6,4,2,2,1,S,0.46
4,4,2,2,0,7,2,1,2,4,5,3,2,1,X,1.13
1,8,1,2,0,2,1,1,1,6,2,2,1,1,M,0.82
4,5,1,1,0,1,1,1,2,4,2,2,1,1,M,0.74
4,7,1,2,0,7,1,2,3,4,1,2,2,1,I,1.14
4,4,0,1,0,1,1,2,5,2,2,1,2,3,J,0.88
3,8,2,2,1,4,1,1,2,3,3,1,1,1,O,1.34
4,8,1,2,2,4,1,2,3,1,2,2,1,1,M,0.83
4,6,1,2,2,4,1,1,1,4,2,1,1,1,J,0.74
4,5,1,1,0,8,2,1,1,3,1,3,2,1,Z,0.08
3,6,1,2,0,7,1,2,2,1,4,3,2,1,H,0.82
4,3,1,1,0,8,2,1,1,5,1,4,2,1,6,0.15
3,6,1,1,0,1,2,1,2,6,2,2,1,1,E,0.59
4,7,1,1,0,1,1,2,3,3,4,2,1,1,Y,1.51
3,8,2,2,0,2,2,1,1,1,2,2,1,1,T,0.61
4,8,2,2,0,7,1,1,3,4,3,1,1,3,5,1.62
2,8,2,2,0,7,2,1,1,1,2,2,1,3,E,0.52
4,8,1,2,2,4,2,1,2,1,3,3,1,1,G,0.81
4,4,1,1,0,8,1,1,3,4,2,2,1,1,E,0.74
4,3,1,1,0,8,1,2,3,4,1,3,2,3,Z,0.12
4,8,1,2,0,7,1,1,3,1,2,2,2,1,M,0.83
4,4,1,1,0,8,1,2,3,3,1,1,2,1,R,0.95
3,8,2,3,0,6,2,1,1,4,3,1,1,1,O,1.59
4,2,2,2,0,7,1,1,1,1,3,2,2,1,B,1.42
4,5,1,1,0,1,1,2,4,1,2,2,1,1,M,0.91
3,8,2,2,2,4,1,1,1,6,1,1,1,1,L,0.58
3,4,1,1,0,1,2,1,5,6,1,3,1,3,Z,0.1
3,7,1,2,0,2,1,2,4,3,5,5,1,1,W,0.15
3,6,2,2,0,2,1,1,1,4,3,1,1,1,O,1.57
4,7,2,2,0,2,1,2,2,6,3,3,1,3,G,0.89
1,8,1,2,1,4,1,1,1,6,4,2,1,1,S,0.46
2,7,1,3,1,5,2,1,1,6,5,5,1,1,W,0.13
4,5,2,1,0,8,2,1,1,6,5,5,2,1,W,0.12
3,8,2,2,2,4,1,1,1,4,3,2,1,1,B,1.82
4,4,1,1,0,1,2,2,3,2,4,4,1,3,3,0.55
4,8,1,3,0,6,1,2,2,3,3,1,1,3,O,1.34
4,7,2,2,1,4,1,2,3,4,1,4,1,3,6,0.19
3,4,1,2,0,7,2,1,3,1,2,2,2,3,E,0.51
4,8,2,2,0,7,2,1,1,5,1,4,2,1,6,0.15
3,6,2,2,0,2,1,1,1,2,2,1,1,1,J,0.83
4,5,1,1,0,1,1,1,2,6,1,4,1,3,6,0.15
4,6,1,1,0,1,2,2,1,4,1,3,1,1,Z,0.09
4,7,1,2,0,1,1,2,5,2,3,3,1,3,Q,2.17
1,8,2,2,0,7,1,1,2,4,3,2,1,1,B,1.81
4,8,0,2,3,5,2,2,1,1,3,3,1,1,G,0.69
4,4,1,1,0,1,1,1,5,5,4,3,1,3,H,1.26
3,1,1,1,0,8,2,2,1,1,1,3,2,1,Z,0.07
3,8,2,2,0,7,1,1,2,1,2,4,1,1,K,0.6
3,7,1,2,0,2,1,2,4,1,4,2,1,3,Y,1.53
4,7,2,2,2,4,1,1,1,4,2,2,1,1,M,0.9
4,8,1,2,0,7,1,2,1,3,4,3,2,1,H,0.89
4,4,1,1,0,8,1,1,1,3,1,2,2,3,I,0.85
4,7,2,3,0,6,2,2,2,3,1,4,1,3,6,0.13
4,1,1,1,0,1,1,1,2,2,3,2,2,1,A,1.78
3,8,1,1,0,8,1,1,1,4,2,2,2,1,M,0.9
4,5,1,2,0,7,2,2,2,4,2,2,2,1,E,0.64
4,8,2,2,0,7,1,2,7,1,2,2,1,1,M,0.89
3,8,2,2,0,2,2,1,1,5,3,3,1,1,Q,1.6
3,1,2,3,0,6,1,2,5,1,3,1,2,3,O,1.55
4,6,2,3,0,7,1,1,1,4,2,1,2,1,J,0.76
4,6,1,1,0,8,2,1,2,3,4,4,2,1,3,0.44
3,8,2,2,0,7,2,1,2,1,2,3,2,1,D,0.45
3,7,1,1,0,1,1,2,3,4,2,2,1,1,1,0.94
4,5,1,1,1,3,2,2,3,6,2,2,1,3,E,0.68
3,8,2,2,1,4,2,2,3,4,2,2,1,1,T,0.88
3,8,2,5,1,5,1,1,2,2,3,2,1,1,P,1.53
1,8,2,2,1,4,1,1,1,6,3,2,1,1,P,1.51
4,5,1,1,0,8,1,1,2,5,4,3,2,1,H,1.01
3,6,2,2,2,4,1,1,5,2,3,2,1,1,F,0.5
4,7,2,2,0,7,1,1,1,6,2,2,1,1,V,1.46
4,4,1,1,0,8,1,1,3,3,2,2,2,1,C,0.93
4,8,2,2,0,2,2,1,1,5,1,3,1,1,Z,0.09
4,8,2,2,0,2,2,2,3,1,3,3,1,1,G,0.94
4,8,2,2,3,5,2,1,1,6,2,2,1,1,E,0.59
4,4,2,2,0,2,1,1,3,3,3,1,1,3,O,1.56
3,8,2,2,0,2,1,1,1,1,2,2,2,1,C,0.73
4,5,1,1,0,1,1,1,5,3,1,1,1,1,R,1.05
3,8,2,2,3,5,1,1,2,4,2,2,1,1,1,0.81
3,4,0,2,2,4,1,1,1,4,3,3,1,1,G,0.98
3,5,1,2,2,3,1,2,4,3,2,1,1,3,4,0.94
3,2,1,1,0,1,1,1,2,4,3,2,2,1,B,1.81
3,8,2,3,1,5,1,2,3,4,4,2,1,1,S,0.59
3,8,1,2,0,2,1,2,6,6,3,2,1,3,P,1.87
4,5,1,1,0,8,1,1,2,4,4,2,2,1,S,0.51
4,7,2,2,0,7,2,1,1,1,1,2,2,1,I,0.8
4,4,1,2,0,7,1,2,3,3,2,2,2,1,V,1.59
4,5,1,1,0,1,1,2,3,4,3,1,1,1,5,1.62
3,8,1,1,0,8,1,1,6,6,3,2,2,1,P,1.87
2,6,1,2,0,7,1,1,1,2,2,2,2,1,M,0.84
3,4,2,2,0,7,1,1,1,3,2,2,2,1,1,0.7
4,8,2,4,0,6,1,1,1,5,4,2,1,1,S,0.5
3,8,1,1,0,8,1,1,3,4,5,3,1,1,X,1.3
2,8,2,2,0,1,2,1,1,1,4,4,1,1,3,0.48
3,6,1,1,2,3,1,1,3,6,3,2,1,3,P,1.74
4,4,1,1,0,1,1,1,2,3,2,2,1,1,T,0.63
4,7,1,2,0,7,2,1,2,2,3,1,2,1,N,1.4
1,8,2,3,2,5,1,1,1,1,4,3,1,1,H,0.82
3,8,2,2,0,2,1,1,1,3,2,1,1,1,J,0.77
3,8,1,2,0,1,1,2,4,1,2,2,1,1,M,0.91
1,8,2,1,0,1,1,1,1,6,2,2,1,1,1,0.74
4,7,1,2,0,2,1,2,3,4,3,3,1,3,G,1.1
4,8,2,2,2,4,1,1,1,5,2,2,1,1,E,0.61
3,3,1,2,0,2,1,1,2,3,2,1,2,1,4,0.74
3,6,2,2,0,7,1,1,2,4,2,2,2,1,E,0.63
4,4,1,1,0,1,2,1,2,4,1,4,1,1,6,0.15
3,8,2,2,2,4,2,1,1,1,3,3,1,1,G,0.69
4,3,1,2,0,2,1,2,3,3,3,2,2,1,2,1.45
2,8,1,2,0,2,1,1,4,6,2,2,1,3,M,0.88
4,6,1,1,0,8,1,1,2,3,4,2,2,1,S,0.44
4,8,2,2,0,7,1,1,1,3,4,4,1,1,3,0.51
3,8,2,3,1,5,1,1,1,5,3,1,1,1,5,1.35
3,7,1,2,2,4,2,1,1,1,1,3,1,1,Z,0.07
3,4,1,1,0,1,1,1,4,1,3,2,1,1,P,1.66
3,8,2,3,0,6,1,1,1,4,3,2,1,1,2,1.43
3,8,1,2,1,4,1,2,2,4,2,4,1,1,K,0.76
2,8,2,4,0,6,1,1,1,1,2,2,1,1,M,0.72
4,1,1,1,0,1,2,2,3,1,2,2,2,1,E,0.51
4,7,2,2,0,7,1,1,1,4,2,2,2,1,1,0.81
3,5,1,2,0,2,1,2,2,3,2,1,2,3,4,0.63
4,8,2,2,0,2,2,2,3,1,3,3,1,1,G,0.94
4,4,1,1,2,3,1,1,1,5,2,1,1,1,J,0.88
3,8,2,2,0,2,2,1,1,1,4,2,1,1,S,0.41
4,6,1,2,0,7,2,2,5,6,2,2,2,3,E,0.73
3,7,1,2,0,2,1,1,1,3,3,1,2,1,5,1.21
4,4,2,2,1,4,1,1,2,6,1,1,1,1,R,0.89
3,7,2,2,0,8,2,1,1,5,1,3,1,1,Z,0.09
3,1,0,1,0,1,1,2,4,2,4,3,2,3,H,1.21
4,8,2,2,0,7,2,1,1,1,2,4,1,1,K,0.52
4,8,2,2,1,4,1,1,1,5,3,2,1,3,A,1.89
4,6,2,2,0,7,1,1,3,3,4,3,2,1,H,1.03
4,8,2,3,0,2,2,1,2,3,1,3,1,1,Z,0.08
4,4,1,1,0,8,2,1,1,6,2,3,2,1,D,0.52
4,5,1,2,0,2,1,1,3,2,4,2,1,1,S,0.55
3,6,1,2,0,7,1,2,3,5,2,2,2,1,1,0.92
3,8,2,2,0,2,1,1,2,5,1,1,1,1,U,1.46
4,5,1,2,0,7,1,1,3,3,2,4,2,3,K,0.63
4,4,1,1,0,1,1,2,6,3,2,2,1,2,M,0.8
3,5,1,1,0,8,2,1,1,1,3,3,2,1,G,0.69
4,8,2,2,0,2,1,1,4,1,3,2,1,1,P,1.43
2,8,1,2,1,4,1,1,2,2,1,1,1,1,L,0.59
3,6,1,2,2,4,1,1,4,5,2,4,1,3,K,0.8
3,8,1,2,0,2,1,1,2,2,3,2,1,1,P,1.53
3,4,1,1,0,8,1,1,5,6,5,3,2,1,X,1.2
4,3,1,1,0,1,1,2,3,1,3,3,1,1,G,0.9
4,5,0,1,0,8,1,1,2,2,2,2,2,1,M,0.83
4,2,1,2,0,2,1,1,1,4,2,2,1,1,C,0.94
3,6,1,2,0,2,1,1,2,4,2,2,1,1,1,0.81
4,7,1,2,0,2,1,2,2,3,1,1,1,3,U,1.24
1,8,2,2,0,2,2,1,1,1,3,2,1,1,B,1.47
3,3,1,2,0,7,1,1,4,6,2,2,2,3,M,1.04
3,5,1,1,0,1,2,1,5,6,3,2,1,1,B,1.79
4,8,1,2,0,7,2,2,3,5,3,3,1,3,G,0.99
4,7,1,2,3,5,1,1,3,4,2,2,2,3,C,1.08
3,8,1,2,0,2,1,2,4,1,3,2,1,3,P,1.66
3,3,1,1,0,1,2,2,2,4,5,5,1,3,W,0.13
3,3,2,2,0,7,1,2,4,3,3,2,2,1,P,1.79
3,8,1,2,0,7,2,1,1,6,5,5,2,1,W,0.12
3,4,1,2,0,7,1,2,3,1,2,2,2,1,V,1.48
4,1,2,2,0,7,1,1,2,3,1,1,2,1,U,1.27
4,7,1,2,0,7,1,2,5,3,2,2,1,3,1,0.86
4,4,1,2,0,7,1,2,3,3,2,2,2,1,T,0.73
4,5,1,2,0,7,1,1,2,4,5,5,2,1,W,0.14
4,8,2,2,1,4,1,2,3,6,2,4,1,3,K,0.68
4,4,1,1,0,1,1,2,4,1,3,2,1,1,P,1.66
1,8,2,3,0,6,2,1,1,2,2,2,1,1,T,0.71
3,4,1,1,0,1,1,2,3,4,4,3,1,1,H,1.19
3,8,1,2,0,2,1,2,1,1,3,2,1,1,F,0.35
4,5,1,2,0,7,1,2,2,3,1,2,2,1,I,0.85
3,8,1,2,2,4,1,1,3,3,2,2,1,1,M,0.9
3,1,1,1,0,8,1,1,2,4,3,2,2,1,B,1.77
3,6,1,1,0,1,1,2,4,6,3,2,1,1,F,0.51
4,4,1,2,0,7,1,2,2,4,3,2,2,1,A,1.91
3,8,1,1,0,1,1,1,3,5,2,2,1,1,V,1.55
3,8,1,2,0,7,1,1,2,4,2,2,1,1,1,0.81
3,8,2,2,0,2,1,1,1,2,2,1,1,1,J,0.83
3,6,1,1,0,8,1,1,1,4,3,1,2,1,O,1.57
3,7,1,2,2,4,2,2,3,6,5,3,1,3,X,1.2
4,5,1,1,1,3,1,2,4,6,4,4,1,3,3,0.68
4,8,1,2,2,4,1,1,3,3,1,1,1,1,L,0.63
3,7,1,2,0,7,1,1,1,1,2,1,2,1,J,0.72
4,7,1,1,0,8,1,2,3,1,2,4,1,1,K,0.7
2,1,2,2,0,7,2,1,1,1,3,1,2,1,O,1.27
3,3,1,1,0,1,1,2,3,5,3,1,2,1,5,1.6
4,8,1,2,0,2,2,1,1,6,5,5,1,1,W,0.12
1,8,2,2,0,2,2,1,1,1,3,3,1,1,Q,1.3
3,8,2,3,1,5,1,1,1,1,5,3,1,1,X,0.87
3,8,1,3,0,6,1,1,1,3,2,1,1,1,J,0.77
3,7,2,2,1,4,1,1,1,5,3,1,1,1,O,1.51
4,8,2,2,2,4,1,1,2,6,3,2,1,1,B,1.61
4,8,2,3,1,5,2,1,1,3,2,2,1,1,V,1.19
4,8,1,2,0,7,1,2,5,1,2,2,2,1,C,0.9
3,3,1,1,0,1,1,2,3,4,5,3,1,1,X,1.3
3,8,2,2,1,4,1,1,3,4,3,2,1,1,2,1.69
4,8,1,2,0,2,1,2,4,4,3,2,1,3,A,2.42
1,7,1,1,2,3,1,1,1,1,3,2,1,1,2,1.14
3,4,1,1,0,1,2,2,1,1,5,3,1,2,X,0.91
3,4,1,1,0,1,1,1,2,5,4,2,2,1,S,0.5
4,6,2,2,0,2,1,2,5,5,3,1,1,1,O,1.87
3,8,0,3,1,5,1,1,1,4,1,3,1,1,Z,0.1
3,8,2,3,0,6,2,1,2,1,5,3,1,1,X,0.9
2,8,1,2,0,2,1,1,2,4,2,2,1,1,V,1.36
4,8,1,2,0,7,1,1,1,5,5,3,1,1,X,1.08
4,7,0,1,0,1,1,2,4,4,2,2,1,3,V,1.72
3,8,1,2,0,2,1,1,3,6,4,2,1,1,S,0.54
2,7,1,1,0,1,1,1,1,4,2,1,1,1,J,0.9
3,7,1,2,2,4,2,1,1,4,2,2,1,1,T,0.76
4,1,0,1,0,1,1,2,2,5,4,3,2,1,H,1.01
3,8,2,2,0,7,1,1,2,1,2,2,1,1,C,0.74
4,8,2,2,2,4,1,1,1,3,2,2,1,1,M,0.78
4,8,2,2,1,3,2,1,1,6,2,2,1,1,E,0.59
4,3,1,1,0,1,2,1,2,2,2,4,1,1,K,0.61
4,8,1,2,0,2,1,1,1,5,3,2,1,1,B,1.75
4,7,1,3,2,5,1,2,3,3,2,2,1,3,E,0.62
4,6,0,1,0,1,1,2,4,1,4,3,1,3,H,1.04
2,8,2,2,0,2,1,1,1,6,2,2,1,1,E,0.58
4,6,0,2,0,2,2,1,1,1,5,5,1,1,W,0.1
4,3,1,1,0,8,1,1,6,4,2,2,2,3,V,1.99
4,8,2,2,0,2,1,1,1,5,2,2,1,1,V,1.34
4,3,0,1,0,1,1,2,4,4,2,1,2,3,4,0.93
3,5,2,2,0,7,2,1,1,4,3,2,2,1,B,1.84
3,4,1,1,3,3,1,1,2,4,1,1,2,3,R,0.98
3,3,1,1,0,8,2,1,2,6,3,3,2,1,G,0.92
3,8,2,1,0,8,1,1,2,1,2,1,2,1,4,0.58
3,2,0,1,1,3,1,2,6,4,3,2,2,3,P,2.05
3,8,2,2,0,2,2,1,1,1,2,3,1,3,D,0.45
4,4,1,1,0,8,1,1,2,2,3,1,2,1,O,1.45
3,8,1,2,0,7,2,1,1,1,4,2,2,1,S,0.41
1,8,1,2,0,7,1,1,2,3,3,2,2,1,2,1.25
4,7,1,2,0,2,1,1,2,1,2,2,1,1,M,0.71
3,7,2,2,0,2,2,1,1,6,1,4,1,1,6,0.13
4,6,1,2,0,7,1,1,2,1,2,2,2,1,1,0.64
3,4,1,2,0,2,1,2,6,4,4,2,1,1,Y,1.89
4,2,1,1,0,8,1,1,1,2,2,2,2,1,M,0.84
3,8,2,2,0,7,1,2,4,1,2,4,1,1,K,0.76
4,3,1,1,0,1,1,1,2,5,3,2,1,3,P,1.62
3,8,1,2,2,4,1,2,2,2,2,2,1,1,M,0.83
4,5,1,1,2,3,1,2,4,3,3,2,1,3,P,1.79
4,3,1,1,0,1,2,1,1,1,5,5,2,1,W,0.1
3,5,2,4,0,6,1,1,1,6,3,1,1,1,N,1.36
3,8,2,2,1,4,1,1,1,5,3,3,1,1,G,0.96
4,3,1,1,0,8,1,1,4,6,2,2,2,1,M,0.88
3,3,0,1,0,1,2,2,3,1,5,5,1,1,W,0.12
4,1,1,1,0,8,1,2,7,1,2,2,2,3,1,0.8
4,7,2,3,0,6,1,1,3,4,2,2,1,1,E,0.7
3,8,2,3,0,6,2,1,3,3,2,2,1,1,C,0.94
3,8,2,2,1,4,2,1,1,6,5,3,1,1,X,1.04
4,8,2,3,0,6,1,1,2,5,1,1,1,1,R,0.94
2,6,1,1,0,1,1,1,5,3,2,2,1,1,M,0.96
4,8,2,2,0,7,2,2,1,4,1,3,1,1,Z,0.09
4,8,1,1,0,8,2,1,1,4,5,3,2,1,X,1.14
3,4,1,1,0,1,1,2,4,3,2,2,2,3,M,0.98
3,8,2,2,2,4,1,1,2,5,2,2,1,1,V,1.57
4,4,2,2,0,2,2,1,1,5,3,3,2,1,Q,1.6
4,6,1,2,0,7,1,2,3,3,3,2,2,1,2,1.45
4,3,1,1,1,3,2,2,2,6,1,3,1,3,Z,0.08
3,8,2,4,0,6,2,1,1,1,2,4,1,1,K,0.52
4,6,1,1,0,1,1,1,3,3,2,2,1,1,1,0.76
3,8,2,2,2,4,1,1,2,3,4,3,1,1,H,0.88
4,6,1,2,0,7,2,2,1,4,1,4,1,1,6,0.15
3,8,1,2,0,2,2,1,1,1,5,3,1,1,X,0.78
4,8,2,3,1,5,1,1,1,6,2,4,1,1,K,0.59
2,8,2,2,0,2,1,1,2,3,2,2,1,1,V,1.14
3,8,1,2,0,2,1,2,5,6,2,4,1,1,K,0.73
3,7,2,3,0,6,1,1,1,4,3,2,2,1,F,0.44
4,4,2,2,0,7,1,1,1,2,2,2,2,1,1,0.75
4,3,1,1,0,1,1,2,3,1,2,2,2,1,E,0.57
4,8,2,2,0,2,2,1,1,4,2,3,1,1,D,0.66
3,8,1,2,3,5,1,2,3,1,3,3,1,1,G,0.87
4,3,1,1,0,8,1,2,3,3,5,3,2,1,X,1.09
3,8,2,2,2,4,1,1,2,2,2,2,1,1,V,1.48
3,5,1,1,1,3,1,2,2,3,3,1,1,3,N,1.28
4,8,2,3,0,6,2,1,1,5,2,2,2,1,T,0.75
4,5,1,1,0,1,2,1,1,1,2,3,1,1,D,0.45
4,5,1,2,0,7,1,2,4,4,3,1,2,3,O,1.98
3,8,2,3,0,6,1,1,2,5,3,2,1,1,P,1.62
4,3,1,1,1,3,1,2,4,5,3,1,2,1,5,1.74
4,6,1,2,0,7,1,2,2,2,3,2,2,1,A,1.78
4,5,2,1,0,1,1,1,2,4,3,1,1,1,O,1.52
3,8,2,2,0,2,1,2,3,1,4,3,1,1,H,0.95
4,7,2,2,3,5,2,1,2,1,2,2,1,1,T,0.52
2,8,2,2,2,4,1,1,1,5,2,4,1,1,K,0.62
3,6,2,2,3,5,2,2,1,1,2,3,1,1,D,0.45
4,4,1,1,1,3,1,2,3,4,4,4,1,1,3,0.68
1,8,2,2,0,7,1,1,2,4,3,2,2,1,A,1.92
1,8,2,2,0,2,2,1,1,5,4,4,1,1,3,0.59
4,8,2,2,0,2,1,2,2,3,4,4,1,1,3,0.5
4,6,2,2,0,7,2,1,1,4,3,2,2,1,B,1.84
4,5,1,1,0,1,1,1,3,2,3,1,1,3,N,1.6
4,4,1,2,0,7,2,2,5,1,3,3,2,1,G,0.86
4,8,2,2,0,2,1,1,1,3,2,2,1,1,V,1.17
4,4,1,1,0,8,1,1,5,2,2,2,2,1,V,1.57
4,5,2,3,1,5,2,1,1,5,5,5,2,1,W,0.14
3,6,1,1,0,1,1,2,3,2,2,4,1,1,K,0.82
4,6,1,3,1,4,1,1,1,6,3,1,1,1,5,1.28
3,8,0,2,0,2,1,1,4,5,2,2,1,1,M,1.12
4,4,1,2,0,7,1,1,1,4,3,1,2,1,N,1.49
4,4,2,3,0,7,1,1,2,3,3,1,2,1,N,1.28
3,6,1,2,0,7,1,2,3,3,4,2,1,3,S,0.5
3,5,1,1,0,8,1,1,2,4,2,2,2,1,T,0.73
1,8,2,3,0,2,1,1,1,2,2,2,1,1,M,0.84
4,6,1,1,2,3,2,2,2,4,1,3,1,3,Z,0.09
3,4,0,1,0,1,2,2,2,4,1,3,2,3,Z,0.09
3,4,2,2,0,7,2,1,1,5,1,4,2,1,6,0.15
4,5,2,2,0,7,2,1,2,2,2,2,2,3,C,0.88
3,7,0,2,0,2,2,1,1,1,1,3,2,1,Z,0.07
4,6,1,1,0,1,1,1,4,6,2,2,1,1,M,1.04
1,7,1,2,0,7,2,1,1,6,2,2,2,1,C,0.87
4,4,1,1,0,1,1,2,4,1,3,1,1,3,O,1.58
3,2,1,2,0,7,1,1,1,4,2,1,2,1,J,0.9
3,8,1,2,0,2,2,1,2,4,5,3,1,1,X,1.13
4,8,2,3,0,2,2,1,1,6,3,2,1,1,B,1.68
4,3,1,1,0,8,2,1,1,5,2,2,2,1,E,0.64
4,5,1,1,0,1,1,1,2,2,3,2,1,1,P,1.53
4,4,2,2,0,7,1,1,1,6,4,2,1,1,S,0.47
4,8,1,1,0,1,1,2,5,1,2,2,1,1,M,0.89
2,7,1,1,0,8,2,1,1,1,3,2,2,1,B,1.47
3,8,2,2,0,2,2,1,1,6,3,1,1,1,O,1.45
4,8,2,2,1,4,2,1,1,6,3,1,1,1,N,1.38
2,8,2,3,1,5,2,1,1,6,3,2,1,1,B,1.68
3,5,1,2,0,7,1,1,2,4,3,1,2,1,5,1.4
3,7,1,2,0,2,1,2,4,1,3,2,1,1,A,1.93
2,8,1,2,0,2,1,1,2,6,2,2,1,1,M,0.82
3,8,2,2,0,2,2,1,1,1,5,3,1,1,X,0.78
3,8,2,2,0,2,1,1,1,2,2,1,1,1,J,0.83
4,8,1,2,0,2,1,2,1,5,2,2,1,1,E,0.63
3,8,1,2,0,7,1,1,1,6,4,3,1,1,H,0.94
3,6,1,1,0,1,2,1,5,6,1,3,1,3,Z,0.1
3,7,1,1,2,3,1,2,3,3,4,3,1,3,H,1.03
4,7,1,2,0,7,2,1,1,2,3,2,2,3,B,1.47
4,8,1,2,0,7,1,2,2,5,2,2,1,1,M,0.88
4,4,1,1,0,8,1,1,1,5,3,2,2,3,F,0.44
4,7,2,2,0,7,1,1,2,1,1,1,2,1,U,1.15
4,8,1,2,0,2,2,1,1,5,2,3,1,1,D,0.56
3,7,2,1,0,1,1,1,4,4,1,1,1,1,U,1.88
4,3,1,1,0,1,1,1,4,1,4,3,2,3,H,1.04
3,8,2,2,1,4,1,1,3,4,3,1,1,1,5,1.62
3,7,1,2,2,4,1,1,3,5,3,3,1,3,G,1.14
2,8,1,2,1,4,1,2,4,1,3,2,1,3,P,1.66
4,2,0,1,0,1,1,2,5,1,2,2,1,1,E,0.63
3,3,1,2,1,4,1,1,2,3,4,2,2,3,S,0.44
3,8,2,2,1,4,1,2,3,3,4,2,1,3,Y,1.51
3,8,1,2,2,4,1,1,1,4,2,1,1,1,J,0.74
4,8,1,1,0,8,1,2,4,1,2,2,1,1,E,0.63
4,4,1,1,0,1,2,1,4,3,3,3,2,3,Q,1.77
3,7,1,1,1,3,1,2,5,1,3,1,1,1,O,1.55
3,8,2,2,1,4,1,1,2,4,3,2,1,1,B,1.81
4,8,2,2,0,2,1,1,1,6,2,4,1,1,K,0.58
3,8,1,2,1,4,1,1,3,2,3,2,1,1,P,1.78
3,8,1,2,0,2,1,1,2,2,5,3,1,1,X,0.98
2,8,2,1,0,1,2,1,1,1,5,3,1,1,X,0.78
3,6,0,1,0,1,1,2,4,1,2,2,1,1,M,0.91
4,4,2,2,0,7,1,1,2,4,1,1,2,1,L,0.63
4,8,1,2,0,2,1,2,3,4,2,3,1,1,D,0.71
4,3,1,1,0,1,1,2,6,4,3,2,2,3,2,1.81
4,8,2,2,1,4,1,1,1,4,4,2,1,1,Y,1.27
1,8,2,2,2,4,1,1,2,6,3,1,1,1,5,1.25
4,8,2,2,2,4,2,2,3,3,1,4,1,3,6,0.15
4,5,1,1,0,1,1,2,3,3,3,3,1,1,Q,1.87
4,4,1,1,0,8,1,2,3,5,2,2,2,3,M,1.02
3,8,1,2,2,4,1,2,3,1,3,2,1,1,P,1.52
4,6,2,2,0,7,1,1,1,1,3,2,2,1,2,1.14
4,8,2,2,1,4,1,1,1,6,2,2,1,1,V,1.46
4,8,1,2,0,7,1,1,1,5,2,2,2,1,1,0.8
3,7,2,2,0,2,2,1,2,6,4,2,1,1,S,0.47
4,5,1,1,1,3,1,2,3,4,2,2,1,3,T,0.85
4,8,1,1,0,8,2,1,2,1,1,2,2,1,I,0.8
4,4,2,1,0,8,1,1,2,4,3,2,1,1,F,0.43
1,5,2,3,0,6,2,1,1,1,5,5,1,1,W,0.1
3,7,1,2,4,5,1,2,3,3,2,2,1,1,T,0.73
4,7,0,2,0,2,1,2,4,1,2,2,1,3,M,0.91
3,7,2,2,0,2,1,1,5,2,4,2,1,1,S,0.59
4,6,1,1,0,1,2,1,1,1,5,3,1,1,X,0.78
4,4,1,1,0,8,2,1,1,4,3,3,2,1,G,0.87
4,4,2,2,0,7,2,1,1,4,3,1,2,1,O,1.59
4,7,1,1,0,1,1,2,3,4,1,3,1,3,Z,0.12
3,8,2,3,0,6,1,2,2,2,1,1,2,1,R,0.91
3,8,2,3,0,6,1,1,1,1,3,3,1,1,Q,1.5
3,8,0,2,0,2,1,2,4,1,3,2,1,1,P,1.66
4,8,2,2,1,4,1,2,7,1,2,2,1,1,V,1.35
3,8,2,4,0,7,2,1,1,1,5,5,1,1,W,0.1
4,5,2,2,0,7,1,1,3,4,2,2,2,1,M,1.04
4,5,1,1,0,1,1,1,4,5,3,2,1,1,A,2.38
3,4,1,1,0,1,2,2,2,3,1,4,1,3,6,0.13
4,5,1,2,0,7,2,1,1,5,1,4,2,1,6,0.15
3,8,1,2,1,4,2,1,1,6,2,2,1,1,T,0.7
3,5,1,1,0,8,1,2,1,4,4,2,2,3,Y,1.27
2,7,1,1,0,1,1,2,4,1,2,2,1,1,M,0.91
4,8,1,2,0,2,1,1,3,3,4,2,1,3,S,0.5
3,1,1,2,0,2,1,1,2,5,3,3,1,1,G,0.96
4,4,0,1,0,8,1,2,2,2,3,2,2,1,2,1.35
1,8,1,2,0,2,1,1,1,6,2,4,2,1,K,0.59
4,3,1,1,0,8,2,1,2,3,1,4,2,1,6,0.13
4,3,1,1,0,8,1,1,2,3,3,2,2,1,2,1.22
3,8,1,2,2,4,1,2,4,1,2,2,1,1,M,0.91
3,8,2,2,1,4,1,1,1,5,2,1,1,1,J,0.73
3,8,2,2,2,4,1,1,2,1,3,2,1,1,A,1.52
3,8,1,2,0,2,1,2,3,3,4,3,1,3,H,1.03
3,8,1,1,0,1,2,1,2,5,2,4,1,3,K,0.64
3,8,2,2,2,4,1,2,3,4,4,4,1,1,3,0.68
4,8,1,1,0,1,1,2,4,1,3,2,1,1,P,1.66
4,4,1,1,0,8,2,1,1,6,3,2,2,1,B,1.68
4,3,1,2,0,2,2,1,1,5,3,2,2,1,B,1.55
3,3,0,3,0,6,1,2,4,3,2,2,2,3,M,0.98
3,4,1,1,0,8,2,1,1,1,1,3,1,1,Z,0.07
2,5,1,2,0,7,2,1,1,5,4,4,2,1,3,0.59
3,8,1,2,0,2,1,1,4,5,2,2,1,3,M,1.12
4,5,1,1,0,8,1,1,1,4,2,2,2,1,T,0.75
4,8,2,4,0,6,1,1,1,3,2,2,1,1,V,1.38
4,5,1,1,0,1,2,1,2,4,2,3,1,1,D,0.56
4,3,1,2,0,2,1,1,3,3,3,2,1,1,F,0.44
4,8,1,3,1,5,1,1,1,4,5,5,1,1,W,0.14
4,8,1,2,0,7,2,1,1,4,1,3,1,1,Z,0.09
3,1,1,2,0,2,1,2,5,2,1,2,2,3,I,1.12
4,3,2,3,1,5,2,2,3,2,4,4,1,3,3,0.64
4,5,1,2,0,7,1,1,5,2,3,1,2,1,5,1.58
4,4,1,3,0,6,1,1,1,2,1,1,2,1,U,1.39
3,8,1,2,0,2,1,1,4,6,2,2,1,1,M,1.04
4,6,1,2,0,7,2,1,1,4,3,2,2,1,2,1.48
2,8,1,2,2,4,2,1,4,2,5,3,1,3,X,1.33
3,8,1,2,0,7,2,1,1,6,1,3,2,1,Z,0.08
4,5,1,1,0,1,2,1,3,1,3,3,1,3,G,0.94
4,4,1,2,0,2,1,2,5,2,2,4,1,1,K,0.75
4,7,0,1,0,1,2,1,1,1,2,2,1,1,E,0.52
3,8,2,2,1,4,1,1,2,5,3,3,1,1,G,0.98
3,8,2,2,2,4,1,1,2,6,1,2,1,1,I,0.88
4,6,1,1,0,8,2,1,2,4,2,2,2,1,V,1.37
4,7,1,2,0,7,1,2,4,1,4,2,2,1,Y,1.53
3,6,2,2,0,2,1,1,1,4,4,2,1,1,Y,1.3
3,2,1,1,0,8,1,1,3,3,2,2,2,1,V,1.32
4,5,1,1,2,3,1,1,5,4,3,2,1,3,B,2.26
4,8,1,2,0,7,2,1,1,1,1,1,1,3,U,1.03
4,3,1,1,0,8,1,1,1,6,2,1,2,1,4,0.67
4,6,1,2,0,7,2,1,1,1,4,4,2,1,3,0.48
4,6,1,2,0,1,2,1,1,2,3,2,1,1,B,1.47
4,4,1,1,0,8,1,1,1,5,2,2,2,1,M,0.89
3,3,1,1,0,8,2,2,2,3,3,3,2,1,Q,1.39
4,8,1,2,1,4,1,1,3,4,2,2,1,1,T,0.87
4,5,1,2,0,2,1,1,2,2,5,5,1,1,W,0.13
3,8,1,2,0,2,2,1,3,4,2,4,1,1,K,0.76
2,7,1,3,0,2,1,1,2,4,2,3,1,1,D,0.65
3,6,1,2,0,2,1,2,4,1,4,3,2,2,H,1.04
4,8,2,3,0,6,2,1,1,6,2,2,1,1,C,0.87
4,3,1,1,0,8,1,2,3,4,1,1,2,1,L,0.73
3,8,2,2,0,7,2,1,1,1,5,3,1,3,X,0.91
4,3,1,1,0,1,2,1,1,1,5,5,2,1,W,0.1
1,8,2,2,1,4,1,1,1,5,1,2,1,1,I,0.97
4,8,2,2,0,2,2,1,2,3,5,5,1,1,W,0.11
3,6,1,1,0,8,1,1,3,5,3,2,2,1,P,1.88
4,5,1,1,0,8,2,2,2,4,1,3,1,3,Z,0.09
3,8,1,3,3,5,1,2,4,1,3,2,1,1,P,1.66
3,8,2,3,1,5,1,1,1,1,3,2,1,1,A,1.53
3,3,1,1,0,8,1,2,4,3,2,2,2,1,1,0.88
4,8,1,2,0,2,1,1,1,6,2,2,1,1,M,0.82
3,6,1,2,0,2,2,1,2,6,1,3,1,3,Z,0.08
3,8,2,2,0,2,1,1,1,6,3,2,1,1,2,1.34
4,7,1,1,0,1,1,2,4,6,3,2,1,3,P,1.9
4,7,1,2,0,7,1,2,3,4,4,3,2,3,H,1.19
4,3,0,1,2,3,1,2,3,3,3,2,2,3,A,1.91
3,5,2,2,1,4,1,1,1,6,2,4,1,1,K,0.69
4,5,1,2,0,7,1,1,2,6,2,1,2,3,4,0.67
3,5,1,2,1,4,1,2,2,3,2,2,2,3,V,1.14
4,4,1,2,0,7,1,1,2,4,3,3,2,1,G,1.0
4,3,1,1,0,1,1,1,1,5,2,2,2,1,V,1.58
3,8,2,2,1,4,1,1,2,5,2,2,1,1,V,1.33
3,8,1,2,1,4,1,1,1,6,2,1,1,1,J,0.7
4,8,2,2,2,4,1,2,5,3,2,2,1,1,V,1.45
3,8,2,2,0,2,1,2,6,1,2,4,1,1,K,0.75
4,4,1,2,0,2,2,2,2,3,1,2,1,1,I,0.74
4,8,2,3,1,5,1,1,1,5,3,1,1,1,N,1.47
3,5,1,2,0,7,1,1,3,3,2,2,2,1,M,0.9
4,3,1,1,0,8,2,1,2,6,5,5,2,3,W,0.11
3,8,1,3,1,5,1,1,1,6,2,2,1,1,T,0.69
3,8,2,2,0,2,1,1,2,2,1,1,1,1,L,0.59
2,7,1,2,0,7,1,1,2,3,2,1,2,1,J,0.64
3,8,1,2,1,4,1,1,4,2,3,2,1,3,A,2.25
3,4,1,2,0,7,1,1,3,5,4,2,2,1,S,0.58
3,8,2,2,0,2,2,1,1,6,2,2,1,1,T,0.7
4,8,1,2,0,7,2,1,1,1,3,3,1,1,G,0.81
4,5,2,2,0,7,1,1,1,5,1,1,2,1,L,0.52
4,4,1,1,0,1,1,2,6,4,4,2,1,3,Y,1.89
4,8,2,3,1,5,2,1,1,1,2,3,1,3,D,0.45
4,8,2,2,0,2,1,1,2,3,1,2,1,3,I,0.83
4,6,2,2,0,2,1,2,2,2,2,2,2,1,M,0.83
4,3,1,2,0,7,1,1,1,4,3,3,2,1,G,1.0
1,3,1,2,0,7,1,1,3,5,3,1,2,1,O,1.78
4,4,1,1,0,1,2,2,1,4,3,1,1,3,5,1.43
4,5,1,1,0,1,1,2,2,2,2,2,1,3,M,0.83
3,8,2,2,0,2,1,1,1,2,3,2,1,1,P,1.54
3,8,2,2,1,4,1,1,3,3,2,2,1,1,T,0.71
3,6,1,1,0,1,2,2,3,4,3,1,1,1,O,1.84
4,8,1,2,0,2,1,1,2,3,3,2,1,1,F,0.37
3,8,1,2,0,7,1,1,1,5,3,3,1,1,G,0.93
4,8,2,2,0,2,2,1,3,3,2,2,1,1,T,0.76
4,3,1,1,0,8,2,1,2,2,3,3,2,3,G,0.94
4,7,1,2,0,7,1,2,3,2,2,2,2,1,M,0.97
4,8,2,2,0,2,2,1,1,6,2,3,1,2,D,0.52
2,7,1,2,0,7,1,1,3,1,2,2,2,1,M,0.83
4,5,1,2,0,7,2,1,1,5,2,2,2,1,C,0.93
4,4,2,2,0,7,1,1,3,1,3,1,2,1,5,1.3
4,4,1,1,0,1,1,2,4,1,3,2,1,1,2,1.47
4,2,1,1,0,8,2,1,2,1,2,2,2,1,T,0.6
1,8,1,2,0,2,1,1,1,6,2,4,2,1,K,0.69
4,6,1,1,0,8,1,2,2,3,3,2,2,1,F,0.38
4,7,1,2,0,7,1,2,4,3,1,1,2,1,L,0.69
4,2,1,1,0,8,1,1,1,4,2,1,2,1,J,0.76
3,6,1,1,0,1,1,2,4,1,3,2,1,3,P,1.66
2,4,2,2,0,7,2,1,1,1,2,2,2,1,E,0.52
2,8,1,2,1,4,1,1,3,3,2,2,1,1,M,0.9
4,2,1,1,0,1,1,2,4,4,1,4,2,3,6,0.2
4,5,1,1,0,1,1,2,4,3,2,1,1,1,4,0.8
4,2,1,2,0,7,1,1,2,3,2,2,2,1,C,0.78
4,7,2,2,1,4,2,1,5,3,5,3,1,1,X,1.21
3,6,1,1,2,3,1,2,3,4,3,2,1,3,2,1.69
3,6,1,1,0,1,1,1,3,4,5,5,1,1,W,0.16
4,5,1,1,0,8,1,2,3,1,2,4,2,1,K,0.58
4,8,1,1,0,8,1,1,3,3,4,4,2,1,3,0.57
3,7,1,1,0,8,1,1,1,3,2,3,1,1,D,0.53
4,4,2,2,0,7,2,1,1,1,2,2,2,1,1,0.56
3,1,0,1,0,8,1,1,3,1,4,2,2,1,S,0.46
3,2,1,1,0,8,1,1,3,3,3,1,2,1,N,1.48
4,6,2,1,0,8,1,1,1,4,2,2,2,1,C,0.94
4,7,2,3,0,6,2,2,3,4,1,3,1,3,Z,0.11
3,3,1,1,0,8,2,1,1,4,1,3,2,1,Z,0.09
3,6,1,3,1,5,1,2,4,3,3,1,1,3,5,1.53
4,4,1,2,0,2,2,1,1,1,3,3,1,3,G,0.81
4,5,1,1,2,3,1,2,3,3,3,2,1,3,2,1.45
1,8,2,2,1,4,1,1,2,5,3,1,1,1,5,1.38
3,8,2,2,2,4,2,1,1,4,2,2,1,1,T,0.76
3,5,1,2,0,7,1,2,2,3,4,3,2,3,H,0.88
3,8,2,2,2,3,1,1,1,6,2,1,1,1,4,0.67
4,4,2,2,0,7,2,1,1,2,4,4,1,1,3,0.48
4,4,1,2,0,7,1,2,3,1,2,2,2,1,M,0.83
3,8,2,2,0,2,2,1,1,6,5,5,1,1,W,0.12
4,7,2,2,0,2,1,1,2,2,2,4,1,1,K,0.6
4,3,1,1,0,8,1,2,5,3,1,2,2,1,I,1.06
3,8,2,2,2,4,2,1,1,6,1,3,1,1,Z,0.08
3,3,2,2,0,7,1,1,1,6,3,1,2,1,O,1.4
4,4,2,2,0,7,2,1,1,5,1,4,2,1,6,0.15
3,6,1,1,0,1,1,1,4,4,2,1,1,1,J,0.96
4,5,2,2,0,7,1,1,1,3,2,2,2,1,1,0.7
3,8,2,2,2,4,2,1,1,6,5,5,1,1,W,0.12
3,8,2,4,0,6,1,1,1,3,4,2,1,1,S,0.44
3,8,1,2,0,2,1,2,4,1,2,2,1,3,M,0.91
4,6,2,2,0,7,1,1,7,1,3,3,2,1,Q,1.86
4,8,1,2,2,4,1,1,5,2,2,3,1,1,D,0.75
4,7,1,1,0,8,2,1,1,4,3,3,2,1,Q,1.63
4,4,1,2,0,7,1,1,2,3,3,2,2,1,F,0.37
3,8,1,2,0,2,1,1,2,2,3,3,1,1,G,0.93
4,4,1,2,0,2,2,1,2,1,3,2,1,3,2,1.18
4,4,1,1,0,8,1,1,2,3,2,1,2,1,J,0.77
1,8,2,2,0,2,1,1,1,5,3,1,1,1,O,1.54
4,4,1,2,0,7,2,1,1,1,3,2,2,1,2,1.18
3,3,1,2,0,7,1,2,2,4,3,3,2,1,Q,1.87
3,5,1,1,0,8,1,2,3,3,1,1,2,1,R,0.95
3,8,1,2,2,4,1,2,2,1,3,2,1,1,2,1.16
4,6,1,1,0,1,1,1,3,1,1,1,1,1,L,0.58
3,5,2,2,0,7,1,1,1,2,1,1,2,1,L,0.59
4,7,1,1,0,8,1,1,2,1,2,2,2,1,M,0.71
4,6,1,1,0,1,1,1,3,3,3,2,1,3,2,1.45
4,6,1,1,1,3,2,1,1,1,5,3,1,3,X,0.78
4,8,2,3,0,6,1,1,2,3,4,2,1,1,Y,1.3
3,3,1,1,1,3,1,2,3,3,3,2,1,3,F,0.44
3,8,1,3,0,6,1,1,1,6,4,4,1,1,3,0.53
2,8,1,2,1,4,1,2,2,4,3,1,1,1,5,1.4
3,8,1,1,0,1,1,1,4,6,2,4,1,1,K,0.88
3,8,0,3,0,2,1,2,4,1,3,2,1,3,P,1.66
4,4,1,1,0,8,1,2,4,5,3,1,2,1,O,1.95
4,8,1,2,2,4,1,2,3,4,2,2,1,1,M,1.04
3,8,2,2,0,2,2,1,1,3,1,4,1,1,6,0.13
4,3,1,1,0,8,1,1,2,4,4,2,2,1,Y,1.52
1,8,1,1,2,3,1,2,4,1,3,2,1,1,P,1.66
3,2,1,1,0,8,1,1,1,3,3,1,2,1,O,1.35
2,8,1,2,0,2,2,1,1,1,1,4,1,1,6,0.12
3,7,1,1,1,3,1,1,1,3,2,3,1,1,D,0.53
3,7,1,1,0,1,2,1,3,1,2,2,1,1,E,0.6
4,7,2,2,0,2,2,1,1,3,5,5,1,1,W,0.11
4,4,1,1,0,8,1,2,3,5,4,3,2,3,H,1.17
3,5,1,2,0,7,1,1,2,2,1,2,2,1,I,0.92
4,7,0,1,0,8,1,2,5,1,2,2,2,1,E,0.63
3,7,1,1,0,1,1,1,4,6,2,2,1,3,M,1.04
3,8,2,2,3,5,2,1,1,4,1,3,1,1,Z,0.09
4,4,1,1,2,3,1,2,3,2,3,1,1,3,N,1.6
2,8,1,2,2,4,2,1,1,6,2,4,1,1,K,0.6
3,8,0,2,0,7,1,1,1,4,3,2,2,1,B,1.82
4,5,1,2,0,7,2,1,1,1,2,2,2,1,T,0.61
4,5,1,2,0,2,1,1,1,4,3,1,1,1,N,1.49
4,4,1,1,0,8,1,1,4,6,5,3,2,1,X,1.22
3,7,1,1,0,8,1,1,2,3,3,2,1,1,2,1.25
4,4,1,1,0,8,2,1,2,4,4,4,2,3,3,0.59
3,7,1,2,0,7,1,1,4,5,2,2,2,1,1,1.0
3,8,1,1,0,1,1,1,7,1,2,2,1,1,M,0.89
4,8,2,2,1,4,1,1,3,6,2,2,1,1,V,1.69
3,7,1,2,2,4,1,1,2,3,3,2,1,1,2,1.25
4,4,1,2,0,7,1,2,3,1,2,2,2,1,C,0.84
3,8,1,1,0,1,1,1,6,6,2,2,1,1,M,1.02
4,8,1,2,0,7,2,1,4,5,1,1,1,1,U,1.61
3,8,2,2,0,2,1,1,2,5,1,3,1,1,Z,0.1
4,5,1,1,0,8,2,2,1,4,1,3,2,1,Z,0.09
3,5,1,2,0,7,1,2,2,5,2,2,2,3,M,0.88
3,6,1,1,1,3,1,2,6,3,2,2,1,3,M,0.96
2,6,1,1,0,1,1,1,5,2,4,2,1,1,S,0.59
2,8,2,3,0,6,1,1,1,6,3,1,1,1,O,1.43
3,7,2,2,0,2,1,2,2,3,1,3,1,1,Z,0.09
3,8,2,2,1,4,1,1,2,3,2,2,1,1,M,0.77
4,2,1,1,0,8,1,2,1,3,3,3,2,1,G,0.84
3,4,0,2,0,2,1,1,4,1,2,2,2,3,M,0.91
3,8,1,2,0,7,1,1,1,4,5,3,2,1,X,1.12
3,7,2,2,0,7,2,1,2,3,1,3,2,1,Z,0.08
3,7,1,2,0,2,1,1,2,4,4,2,1,1,S,0.51
4,3,1,1,2,3,2,1,1,2,1,4,2,1,6,0.14
4,6,1,2,1,4,1,2,3,3,2,1,1,3,4,0.86
3,5,1,1,0,1,1,2,4,5,3,2,1,3,P,2.05
3,5,1,1,0,1,1,2,5,3,2,1,1,3,J,0.81
4,2,2,2,3,5,2,2,3,4,4,4,1,3,3,0.69
4,4,1,1,0,1,1,1,4,6,5,3,1,1,X,1.29
4,5,1,1,0,8,1,1,1,1,2,3,2,1,D,0.49
3,7,1,1,0,8,1,1,2,1,2,2,2,1,1,0.64
1,8,2,2,2,4,1,1,1,4,2,1,1,1,J,0.74
3,8,0,3,0,6,1,1,2,1,3,3,1,1,G,0.79
2,4,1,1,0,8,2,1,1,2,5,5,2,1,W,0.12
3,7,1,2,0,2,1,1,2,3,3,2,1,1,P,1.41
3,8,1,2,0,2,1,1,2,5,4,2,1,1,S,0.49
4,8,2,2,0,2,1,1,1,4,3,2,1,1,2,1.43
1,7,1,2,1,4,2,1,1,4,5,5,1,1,W,0.13
4,8,1,1,0,8,1,1,4,5,2,1,2,1,J,1.11
4,8,1,2,0,2,1,1,2,2,1,1,1,1,U,1.38
4,5,1,1,0,8,1,2,5,2,1,2,1,1,I,1.14
3,7,1,2,1,4,1,1,2,5,1,3,1,3,Z,0.1
4,4,1,2,0,7,1,1,5,2,3,1,2,1,O,1.81
4,5,1,1,0,1,1,1,2,4,3,2,1,3,A,1.91
2,8,1,3,1,5,1,1,1,6,3,1,1,3,5,1.28
3,7,1,2,0,7,1,1,3,1,3,2,2,1,P,1.52
3,7,2,2,0,2,2,1,1,5,1,4,2,1,6,0.15
3,8,1,1,0,1,2,2,7,1,3,3,1,1,G,0.86
3,7,1,2,0,2,1,1,1,6,4,4,1,1,3,0.54
3,3,0,2,0,7,1,2,3,3,1,1,1,1,R,0.98
3,8,2,2,2,4,1,1,1,6,2,1,1,1,4,0.67
1,8,2,2,0,2,2,1,1,5,4,4,2,1,3,0.59
4,8,2,2,2,4,1,1,1,6,2,1,1,1,J,0.7
4,5,1,1,0,8,1,1,3,3,2,2,2,1,1,0.8
3,8,1,2,0,2,1,2,3,3,2,2,1,1,M,0.9
3,7,2,2,1,4,1,2,5,2,4,2,1,1,Y,1.76
4,8,1,1,0,1,1,1,1,3,5,5,1,1,W,0.12
4,4,1,1,0,1,2,2,5,6,2,2,1,3,C,1.07
4,8,2,2,1,4,1,2,3,1,3,2,1,1,2,1.35
3,6,1,1,0,1,1,2,2,3,1,3,1,1,Z,0.09
4,3,0,2,0,7,1,2,4,1,2,2,2,3,M,0.91
4,4,1,1,0,1,1,2,3,4,2,2,1,3,V,1.58
3,8,2,2,0,7,1,1,1,4,2,1,2,1,J,0.74
4,7,1,1,0,1,1,1,1,6,2,2,1,1,C,0.85
4,3,1,1,0,8,2,1,3,1,3,3,2,1,Q,1.5
4,2,1,1,0,8,2,1,2,6,1,1,2,1,U,1.37
4,7,2,2,0,7,1,2,2,3,4,2,2,1,S,0.44
4,8,1,2,3,5,1,1,2,1,2,3,1,1,D,0.49
3,8,1,2,0,7,2,1,1,4,1,2,2,1,I,1.0
4,4,1,1,0,1,1,1,2,5,3,2,1,3,B,1.74
4,7,2,3,0,6,1,1,1,4,4,2,1,1,S,0.51
4,7,2,2,0,7,2,2,1,1,2,2,1,1,E,0.44
3,8,2,2,3,5,2,1,1,4,1,3,1,1,Z,0.09
4,3,2,1,0,8,1,1,1,6,2,1,2,1,J,0.68
3,8,2,2,2,4,2,1,1,4,1,3,1,1,Z,0.09
3,7,2,2,0,7,2,1,1,1,3,3,2,1,G,0.81
3,8,2,2,0,2,2,1,1,6,1,2,1,1,I,0.92
3,8,2,2,0,7,1,1,2,2,2,2,2,1,M,0.83
4,6,1,1,0,8,1,1,1,4,2,1,2,1,4,0.74
4,2,1,1,0,8,1,1,1,4,2,3,2,1,D,0.65
3,6,1,1,0,1,1,2,4,5,3,1,1,1,N,1.85
3,7,2,2,1,4,1,1,1,6,3,1,1,1,5,1.28
4,8,1,1,0,1,1,1,3,4,3,2,1,1,2,1.69
4,4,0,1,0,8,1,1,3,6,3,2,2,1,2,1.54
3,7,2,2,0,1,1,1,1,4,1,3,1,1,Z,0.1
4,6,1,1,0,8,1,1,2,4,1,1,2,1,R,0.98
3,7,1,2,0,7,2,1,1,6,1,3,1,1,Z,0.08
4,4,1,2,0,7,1,1,1,3,3,2,2,1,F,0.37
4,4,1,1,0,1,1,1,1,3,2,2,2,1,C,0.8
4,8,0,2,0,2,1,2,4,5,3,2,1,1,P,2.05
4,8,2,2,2,4,2,1,1,5,5,5,1,1,W,0.12
3,8,2,2,0,2,1,2,3,4,4,3,1,1,H,1.19
3,8,1,2,0,2,1,1,3,3,2,4,1,1,K,0.64
4,4,1,1,0,1,1,2,4,1,2,2,2,3,M,0.91
1,8,2,2,0,2,2,1,1,5,2,3,1,1,D,0.56
4,2,1,1,0,1,2,2,3,6,4,2,2,1,S,0.55
3,5,1,1,0,1,1,1,1,4,4,3,1,1,H,1.03
4,2,0,1,0,1,1,1,5,3,2,1,2,3,4,0.92
3,6,1,2,2,4,2,1,1,6,5,5,1,1,W,0.12
4,8,2,2,0,2,1,2,3,3,3,2,1,3,F,0.43
4,7,1,2,0,2,1,1,2,6,2,2,1,1,M,0.82
3,8,1,2,0,2,2,2,3,1,2,2,1,1,E,0.6
3,8,1,2,0,2,2,1,1,1,3,2,1,3,B,1.26
3,8,2,2,0,2,1,1,1,2,3,2,1,1,B,1.65
3,8,2,2,0,2,1,1,1,2,2,2,1,1,M,0.84
3,3,0,1,0,1,1,1,5,1,3,2,2,3,P,1.63
4,7,1,3,0,6,2,1,2,3,4,4,1,1,3,0.51
3,8,2,2,0,2,2,1,1,1,3,1,1,1,O,1.27
3,7,1,2,0,2,1,2,5,2,3,2,1,1,P,1.91
3,7,2,2,1,4,2,1,1,6,2,2,1,1,T,0.7
4,4,1,1,0,1,1,1,1,5,2,2,1,1,E,0.61
3,5,0,1,0,1,1,1,4,6,3,2,1,3,P,1.9
3,7,1,2,0,2,2,1,5,4,3,1,1,3,O,1.97
4,7,2,2,0,7,2,1,2,1,3,2,2,1,2,1.18
4,8,2,2,0,7,2,1,1,5,5,3,1,1,X,0.96
3,8,2,2,2,4,2,1,1,5,2,4,1,1,K,0.64
4,6,0,1,0,1,1,1,2,6,1,2,1,1,I,0.88
4,3,2,3,0,6,2,1,1,5,1,4,2,1,6,0.15
3,6,1,2,0,7,1,1,3,4,2,2,1,1,V,1.58
4,7,1,2,0,7,2,1,2,4,2,4,2,1,K,0.65
3,6,0,2,0,2,1,2,4,1,2,2,1,3,M,0.91
1,7,1,2,0,7,2,1,1,1,5,5,2,1,W,0.1
4,6,1,2,0,2,1,1,2,3,3,1,1,1,O,1.31
3,8,2,2,0,7,1,1,2,1,3,2,2,1,2,1.16
3,7,1,2,1,4,2,2,3,6,5,5,1,3,W,0.13
2,6,1,1,0,1,1,1,3,3,3,1,1,3,N,1.48
3,4,1,2,0,1,2,1,1,4,1,3,1,3,Z,0.09
3,5,0,1,0,1,1,2,4,1,3,2,1,1,P,1.66
4,8,1,3,0,6,1,1,2,6,2,1,1,1,4,0.67
4,8,1,2,0,7,2,1,1,4,1,3,1,1,Z,0.09
4,4,2,2,0,7,1,1,5,2,2,1,1,1,J,1.03
4,5,1,1,1,3,1,2,4,3,2,2,1,1,M,0.98
3,8,2,2,3,5,2,1,1,1,3,2,1,1,2,1.18
1,8,2,2,3,5,2,1,1,6,5,3,1,1,X,1.04
1,3,1,1,0,8,1,1,2,3,3,2,2,1,A,1.64
3,8,1,2,2,4,1,1,1,4,2,1,1,1,J,0.9
4,7,1,1,0,1,1,2,4,1,2,2,1,1,M,0.91
3,8,1,2,2,4,2,2,1,1,1,3,1,1,Z,0.07
4,7,2,2,1,4,1,1,1,6,3,3,1,1,Q,1.62
4,3,1,1,0,8,1,2,3,1,2,1,2,1,4,0.68
4,7,2,3,1,5,1,1,2,2,3,2,1,1,P,1.53
3,4,1,1,0,8,2,1,2,4,3,2,2,1,F,0.45
4,5,2,2,0,7,1,1,2,4,3,2,2,1,2,1.42
2,8,1,2,0,2,1,1,1,6,2,2,1,1,C,1.0
3,8,1,2,2,4,2,1,1,6,4,4,1,1,3,0.55
3,6,1,1,0,8,1,1,3,1,2,2,2,1,M,0.83
4,4,1,1,0,8,2,1,1,5,3,3,2,1,Q,1.6
4,3,1,1,0,8,1,2,3,3,4,2,2,1,Y,1.51
4,6,1,1,0,1,1,2,2,3,1,4,1,3,6,0.14
4,7,1,1,0,8,1,1,5,1,3,1,2,1,5,1.39
4,3,1,1,0,8,1,1,2,5,4,2,2,1,S,0.5
4,7,2,2,0,7,2,2,3,3,2,2,1,1,1,0.82
3,7,0,2,0,1,1,2,4,6,2,2,1,1,M,1.04
4,7,1,2,3,5,1,1,3,6,3,2,1,3,P,1.74
4,5,1,1,0,8,1,1,1,4,1,2,2,1,I,0.97
3,2,1,1,0,8,1,1,1,2,3,3,2,1,Q,1.75
4,3,1,1,0,8,1,1,2,2,1,2,2,1,I,0.89
4,8,1,1,0,1,2,1,1,6,1,4,1,1,6,0.13
3,7,1,2,0,2,2,1,1,5,5,5,1,1,W,0.12
3,8,1,2,1,4,1,1,1,2,1,1,1,1,L,0.59
3,8,2,2,3,5,2,1,1,5,2,1,1,1,J,0.76
4,4,1,1,0,8,2,2,3,3,3,3,2,3,Q,1.62
3,8,2,4,0,6,1,1,2,4,3,2,1,1,P,1.64
3,2,2,2,0,7,2,1,1,1,3,3,2,1,Q,1.3
4,8,1,1,0,8,1,2,4,1,2,2,2,1,M,0.91
4,7,1,1,0,8,1,1,1,2,1,1,2,1,L,0.59
3,8,1,2,0,7,1,1,1,5,2,2,2,1,M,0.89
4,8,2,2,0,2,1,1,2,3,1,2,1,1,I,0.85
4,8,1,2,0,1,1,1,2,3,3,2,1,1,P,1.41
4,5,1,1,0,1,1,2,4,1,2,2,1,1,1,0.81
3,8,2,2,0,7,1,1,1,4,1,1,2,1,R,1.0
4,4,0,1,0,1,2,2,2,3,3,1,1,3,N,1.29
2,8,1,2,2,4,1,1,1,3,2,2,1,1,M,0.78
3,8,1,2,1,4,1,1,2,4,2,2,1,1,M,0.74
4,7,1,1,0,8,1,1,2,3,3,1,2,1,N,1.28
4,6,2,3,0,2,2,1,1,1,1,3,1,1,Z,0.07
3,4,1,1,0,1,1,1,5,4,3,1,1,3,N,1.85
3,7,1,2,0,7,1,1,1,4,3,2,2,1,2,1.43
3,8,2,2,1,4,2,1,1,6,3,1,1,1,5,1.3
4,7,2,2,0,7,2,1,1,6,3,3,2,1,G,0.8
3,8,2,3,0,6,2,1,3,1,1,1,1,1,U,1.39
3,5,2,2,2,4,1,1,1,4,2,2,1,1,1,0.81
4,6,1,2,0,7,2,1,1,5,2,3,2,1,D,0.56
4,2,1,2,0,7,1,1,2,1,2,2,2,1,T,0.6
4,4,1,2,0,1,1,1,1,4,5,5,1,1,W,0.14
4,3,1,1,0,8,1,1,1,4,2,1,2,1,4,0.87
4,4,1,1,1,3,1,2,2,3,4,3,1,1,H,0.88
3,8,2,2,0,2,1,2,4,1,1,1,1,1,R,0.99
4,5,1,1,0,8,1,1,3,3,2,2,2,3,1,0.8
4,6,1,2,0,2,1,1,3,6,4,4,1,3,3,0.62
4,4,1,1,0,1,1,1,5,3,3,2,1,1,P,1.76
4,3,2,2,0,7,1,1,1,4,3,1,2,1,N,1.49
2,8,2,2,2,4,1,2,4,1,2,2,1,1,M,0.91
4,4,0,1,0,1,1,2,4,1,3,2,1,3,P,1.66
4,3,1,1,0,8,1,1,2,2,2,2,2,1,1,0.75
3,4,1,1,0,1,1,2,2,3,4,2,1,3,S,0.43
3,5,0,1,0,1,1,2,4,1,4,3,1,3,H,1.04
4,3,1,1,0,1,1,2,2,4,2,2,1,1,M,0.9
4,7,1,1,0,1,1,1,1,2,2,1,1,1,J,0.83
4,5,1,2,0,7,1,2,3,1,3,1,2,1,O,1.44
4,7,2,2,0,2,1,1,3,4,3,1,1,3,5,1.62
3,8,1,3,1,5,1,1,3,1,1,1,1,1,L,0.58
3,8,2,2,0,2,2,1,1,6,4,4,1,1,3,0.47
1,8,1,2,0,2,1,1,3,6,2,2,1,1,M,0.95
3,4,1,2,0,7,2,2,2,3,3,3,1,1,Q,1.39
3,6,2,4,0,6,2,1,1,2,5,5,1,1,W,0.12
3,8,2,3,2,5,1,1,1,4,2,2,1,1,M,0.9
3,8,1,2,0,2,1,2,3,5,4,2,1,1,Y,1.73
3,8,2,2,0,2,1,1,3,3,2,2,1,1,1,0.8
4,7,1,3,0,2,1,2,4,2,3,2,1,1,A,2.25
4,1,1,3,0,6,1,1,2,6,2,2,2,3,M,0.82
2,8,1,2,2,3,1,2,3,2,2,2,1,1,M,0.97
3,8,2,2,0,2,1,2,3,4,3,1,1,1,N,1.72
4,2,1,1,0,8,1,1,2,3,3,2,2,1,F,0.38
4,1,1,1,0,8,1,1,5,3,2,1,2,1,4,0.92
4,8,2,2,0,2,1,1,3,4,3,3,1,1,Q,2.17
4,4,1,1,0,8,1,1,4,5,3,2,2,3,2,1.82
4,3,1,1,0,8,2,1,1,1,2,3,2,1,D,0.45
4,8,2,2,0,7,1,1,1,5,3,2,1,1,A,1.57
3,4,1,1,0,1,1,2,1,1,5,3,1,3,X,0.89
3,5,0,1,0,1,2,1,4,5,5,3,1,3,X,1.21
3,7,2,2,0,7,1,1,2,1,4,4,2,1,3,0.47
2,8,1,2,0,2,2,2,3,1,2,2,1,1,T,0.7
3,1,2,3,0,6,1,1,2,1,2,2,1,1,M,0.71
4,4,1,1,0,8,2,1,2,4,1,4,2,3,6,0.15
3,4,1,1,0,8,1,1,5,5,3,2,2,1,F,0.54
3,8,2,3,0,6,1,1,1,6,2,2,1,1,E,0.57
4,7,2,4,1,5,2,1,1,1,3,1,1,1,N,1.21
4,8,2,2,0,7,1,1,2,1,4,3,1,1,H,0.82
3,8,2,2,0,2,1,1,2,6,4,3,1,1,H,0.94
2,8,1,2,0,7,2,1,1,1,1,3,2,1,Z,0.07
4,6,0,1,0,1,1,2,4,6,2,2,1,1,M,1.04
2,7,2,2,0,7,2,1,1,5,2,2,2,1,E,0.64
3,6,1,1,0,1,1,2,2,4,3,2,1,1,A,1.91
3,7,1,1,0,8,1,1,5,5,1,1,2,1,L,0.77
3,5,2,1,0,1,1,1,4,5,3,2,1,3,2,1.82
3,5,1,1,0,8,1,2,4,6,2,2,2,1,M,1.04
4,6,1,1,0,1,1,2,4,1,3,2,1,1,F,0.44
4,8,2,3,0,6,2,1,1,1,3,3,1,2,G,0.69
1,5,1,2,0,2,1,2,3,4,4,3,1,3,H,1.19
4,3,1,1,0,1,1,1,2,2,2,2,1,1,C,0.86
3,7,2,2,0,2,2,1,1,5,1,3,2,1,Z,0.09
3,8,2,2,1,4,2,2,1,1,5,3,1,1,X,0.78
3,8,1,2,2,4,1,1,1,6,3,1,1,1,O,1.43
3,8,2,2,0,2,1,1,1,3,2,2,1,1,M,0.78
3,6,2,3,0,6,2,1,1,1,2,2,2,1,E,0.52
4,6,2,2,0,7,1,1,2,3,1,1,2,1,R,0.84
3,8,2,3,0,6,2,1,1,1,1,3,2,1,Z,0.07
3,8,2,2,3,5,1,1,2,2,3,2,1,1,P,1.53
3,5,1,1,0,1,2,1,1,5,2,3,1,1,D,0.56
3,8,2,2,1,4,2,1,1,6,1,3,1,1,Z,0.08
3,8,2,2,0,7,1,1,1,4,2,2,1,1,C,0.94
4,3,2,4,0,6,1,2,3,3,2,2,1,3,V,1.36
1,7,1,1,0,1,1,2,4,1,2,2,1,1,M,0.91
3,7,1,2,0,2,1,1,2,6,1,4,1,3,6,0.15
4,7,1,2,0,7,1,1,1,4,4,2,2,1,Y,1.27
4,2,1,1,0,8,2,2,2,5,5,5,2,1,W,0.12
4,2,1,1,0,8,1,1,4,6,2,3,2,3,D,0.75
4,3,0,1,0,1,1,2,4,1,3,2,2,1,P,1.66
3,1,1,1,0,1,1,1,3,1,4,2,2,1,S,0.47
4,3,0,1,0,8,1,1,2,6,3,2,2,3,B,1.65
4,7,1,1,0,1,1,2,3,3,3,1,1,1,5,1.36
4,8,2,2,0,1,1,2,4,5,3,2,1,3,P,2.05
1,7,2,2,0,7,2,2,3,4,2,2,1,3,C,1.09
4,4,0,2,0,2,1,1,3,6,2,2,1,1,M,0.95
4,5,1,1,2,3,1,1,1,6,2,2,1,1,E,0.57
4,8,2,3,0,6,2,1,1,5,1,3,2,1,Z,0.09
3,8,1,2,2,4,1,1,2,5,1,4,1,1,6,0.16
4,4,1,1,0,1,1,1,4,4,3,3,1,3,G,1.26
4,6,1,1,0,1,2,1,5,1,2,2,1,1,E,0.64
3,4,1,1,0,1,1,2,3,4,1,1,1,1,U,1.72
4,8,1,2,1,4,1,2,5,3,3,2,1,1,P,1.76
1,8,1,2,0,2,1,1,1,5,3,2,1,1,F,0.43
4,4,1,1,0,1,2,2,2,5,3,3,1,3,Q,1.59
4,8,1,1,0,1,2,2,3,4,2,2,1,1,1,0.95
3,7,1,2,0,7,1,1,2,1,1,1,2,1,R,0.76
3,8,2,2,0,2,1,1,3,6,2,4,1,1,K,0.68
3,8,2,2,2,4,1,1,2,2,2,1,1,1,4,0.8
4,6,2,3,2,5,2,1,2,4,2,3,1,3,D,0.56
4,3,1,1,0,8,1,2,3,4,3,1,2,1,O,1.81
4,4,0,1,0,1,2,1,1,3,1,4,1,1,6,0.13
4,5,1,1,1,3,1,2,2,6,1,1,1,3,R,0.89
4,7,1,1,3,3,1,2,2,4,2,3,1,1,D,0.61
3,5,2,4,0,6,1,1,7,1,3,1,1,1,O,1.55
3,7,1,2,0,2,1,1,3,1,3,2,2,1,F,0.41
4,4,1,1,1,3,1,1,5,2,4,2,1,3,S,0.59
3,7,0,1,0,1,1,2,2,5,1,3,1,3,Z,0.1
4,5,1,1,0,8,1,1,4,6,3,2,2,1,P,1.9
4,8,1,2,0,2,1,1,2,4,2,2,1,1,M,0.9
4,6,1,2,2,4,2,2,2,4,1,3,1,3,Z,0.09
2,4,1,2,0,2,1,1,5,1,3,2,1,3,A,1.9
3,3,1,1,0,8,1,1,1,5,3,2,2,1,B,1.75
4,8,2,2,0,2,1,1,1,6,3,2,1,1,F,0.41
3,4,0,1,0,8,1,1,4,5,3,2,1,1,P,2.05
4,2,1,1,0,8,1,1,3,4,3,2,2,1,A,2.22
4,8,1,2,0,2,1,1,2,6,5,3,1,1,X,1.02
3,8,2,2,1,4,1,1,3,3,4,3,1,3,H,1.03
3,5,1,1,0,1,1,1,1,4,3,2,1,1,P,1.65
4,7,2,2,1,4,1,2,2,2,2,2,2,1,M,0.83
3,8,2,2,0,7,2,1,1,4,2,2,2,1,T,0.76
4,6,1,1,0,8,1,2,3,4,3,2,1,1,F,0.5
2,7,2,2,1,4,1,1,1,5,2,2,1,1,V,1.34
3,4,1,1,0,1,1,1,4,6,3,2,1,1,P,1.9
3,3,1,1,0,1,1,1,3,5,2,2,1,1,M,1.02
3,4,1,1,0,8,1,2,3,6,2,4,2,1,K,0.68
4,3,1,1,0,8,1,1,2,2,1,4,2,1,6,0.15
1,6,2,2,0,2,1,1,2,3,4,2,1,1,Y,1.3
4,6,1,2,0,7,1,1,2,4,2,2,2,1,E,0.6
4,7,1,2,0,7,1,1,1,5,3,3,2,1,G,0.99
3,8,2,3,0,6,1,1,1,6,3,2,1,1,2,1.57
3,8,1,1,0,1,2,2,2,1,5,3,1,1,X,0.9
4,7,2,3,0,2,1,2,3,1,2,2,1,1,M,0.83
4,8,1,2,0,2,1,1,5,2,2,4,1,1,K,0.75
3,8,1,2,0,7,2,1,1,5,1,4,2,1,6,0.15
3,4,2,2,0,7,2,1,1,6,1,2,2,1,I,0.79
4,3,1,1,0,1,1,2,4,6,2,2,2,3,M,1.04
3,8,2,2,1,4,1,1,3,3,3,1,1,1,O,1.56
3,8,2,2,0,2,1,2,2,2,1,1,1,1,L,0.59
2,8,1,2,1,4,1,1,2,2,2,2,1,1,M,0.83
1,8,1,2,0,2,1,1,3,4,2,2,1,3,C,1.08
4,8,2,2,0,2,2,1,1,5,1,3,1,1,Z,0.09
4,8,1,2,3,5,1,2,2,3,2,2,1,3,C,0.8
3,8,2,2,0,2,1,1,1,3,2,1,1,1,J,0.77
3,8,2,2,3,5,1,1,1,6,4,3,1,1,H,0.94
4,5,1,2,0,7,1,1,1,1,3,2,2,1,B,1.37
3,7,1,2,4,5,1,1,2,3,3,2,1,1,P,1.41
3,2,1,2,0,2,1,2,5,3,3,1,2,1,O,1.67
3,7,1,1,0,8,1,1,4,1,2,2,2,1,M,0.91
4,3,1,2,1,3,1,2,2,3,2,1,1,3,4,0.74
4,3,1,2,0,7,2,1,1,1,2,3,2,1,D,0.45
3,8,1,4,1,5,2,1,2,1,3,1,1,1,O,1.26
4,3,1,1,0,1,1,1,2,3,3,3,1,3,G,0.81
3,3,1,2,0,7,1,1,3,3,2,2,2,1,V,1.59
4,8,1,1,0,1,1,1,1,2,2,2,1,1,M,0.84
4,5,1,2,0,8,1,2,3,1,3,2,1,1,P,1.52
4,7,1,2,0,7,1,1,4,6,2,2,2,1,M,1.04
3,5,1,1,0,8,1,1,3,3,3,2,2,1,F,0.44
4,7,1,2,0,7,1,1,2,3,2,2,2,1,M,0.77
4,7,2,2,0,7,1,1,1,6,3,2,2,1,2,1.3
4,8,2,2,2,4,1,1,1,2,1,1,1,1,L,0.59
3,6,1,1,0,1,2,1,2,3,1,2,1,3,I,0.74
4,7,2,2,0,7,2,1,1,1,5,3,1,3,X,0.91
4,7,1,1,0,1,2,1,1,5,1,4,1,1,6,0.15
3,4,1,1,0,8,1,1,2,3,3,1,2,1,O,1.34
4,6,1,1,0,8,1,1,2,5,2,1,2,1,4,0.85
3,8,2,1,0,1,2,2,3,3,4,4,1,3,3,0.59
3,5,2,2,0,2,2,2,7,1,3,3,1,3,G,1.0
1,6,1,2,0,7,1,1,1,4,5,5,2,1,W,0.14
4,2,1,1,0,1,1,2,4,2,4,2,2,1,Y,1.79
1,8,2,4,0,6,1,1,1,1,2,3,1,1,D,0.52
3,8,2,2,2,4,2,1,1,5,5,3,1,1,X,1.12
4,7,2,2,2,3,2,2,1,4,2,3,1,3,D,0.57
4,8,1,3,1,4,1,1,3,3,2,2,1,1,V,1.36
4,8,1,2,2,4,2,1,1,1,3,3,1,3,G,0.69
4,4,1,1,0,8,1,2,3,3,3,2,2,3,F,0.43
1,8,1,2,0,7,1,1,1,2,2,2,2,1,M,0.84
4,8,2,2,0,2,1,1,2,2,3,2,1,1,A,1.78
4,8,2,4,0,6,2,1,1,6,1,4,1,1,6,0.13
4,8,1,4,0,6,1,1,1,6,3,1,1,3,O,1.4
4,8,2,4,0,6,1,1,1,5,5,5,1,1,W,0.14
4,5,1,2,0,7,1,1,2,2,2,2,2,1,M,0.83
3,6,1,1,0,1,1,1,4,5,2,2,1,1,M,1.12
4,1,0,2,0,2,1,1,2,4,2,2,1,3,C,0.91
4,5,1,2,4,5,1,1,5,4,3,1,1,3,N,1.85
3,8,2,2,2,4,2,1,2,1,5,3,1,3,X,0.9
4,2,1,1,0,1,1,1,5,2,3,3,1,1,Q,2.17
4,5,1,2,0,7,2,1,1,6,5,3,2,1,X,0.89
4,6,1,1,0,1,1,1,2,5,4,2,1,1,Y,1.49
4,8,0,1,0,8,2,1,1,2,1,1,1,1,U,1.41
3,5,0,1,0,1,1,1,7,2,3,2,1,1,2,1.98
4,2,1,1,0,8,1,1,3,1,3,2,2,1,A,1.77
3,8,0,2,1,4,1,2,4,3,2,2,1,1,M,0.98
4,7,1,1,0,8,1,1,1,5,3,2,2,1,B,1.79
4,7,1,1,0,8,1,1,1,5,2,2,2,1,T,0.72
3,7,1,2,0,2,2,2,4,1,3,1,1,3,O,1.6
4,8,1,2,0,2,1,1,2,1,1,3,1,1,Z,0.08
3,7,1,1,3,3,1,1,2,2,4,2,1,1,Y,1.41
3,8,2,2,2,4,1,1,1,2,2,1,1,1,J,0.83
3,6,1,1,1,3,2,1,7,1,2,4,1,3,K,0.65
2,6,1,1,0,1,1,2,4,3,3,2,1,1,2,1.59
3,6,1,1,0,1,2,1,2,3,1,4,1,1,6,0.13
3,4,2,2,0,7,1,1,2,4,3,2,2,1,B,1.81
4,3,1,1,0,8,1,1,5,1,4,2,2,1,S,0.49
3,4,1,1,2,3,1,1,2,6,3,2,2,3,P,1.5
4,5,1,1,0,1,1,1,5,2,3,3,1,1,G,1.16
2,8,1,2,1,4,1,1,2,3,2,2,1,1,M,0.77
3,8,1,1,0,1,2,1,3,2,2,2,1,1,V,1.49
1,8,1,2,0,2,1,2,3,5,2,2,1,1,M,0.87
3,7,1,2,0,7,1,2,3,5,3,2,2,1,A,2.18
4,4,1,2,0,1,2,2,3,3,1,2,2,3,I,0.85
4,6,1,1,2,3,2,2,1,2,2,2,1,3,E,0.6
3,5,1,1,0,1,1,1,3,3,2,2,1,1,V,1.36
1,8,2,2,1,4,1,2,3,3,1,1,1,1,L,0.63
4,4,1,1,0,1,2,1,2,3,1,3,2,1,Z,0.08
4,8,2,2,0,2,1,1,1,5,4,2,1,1,Y,1.28
4,8,1,2,1,4,2,2,3,3,1,4,1,3,6,0.15
4,5,1,1,0,1,1,2,2,3,3,1,1,1,O,1.34
4,8,1,2,2,4,1,1,3,3,4,2,1,1,S,0.51
3,7,2,2,0,2,1,1,2,2,3,2,1,1,F,0.4
3,1,1,1,0,1,1,1,2,6,2,2,2,1,E,0.55
4,7,1,1,0,8,1,2,5,2,2,2,1,3,T,0.87
4,4,1,1,0,1,1,2,3,3,1,3,1,3,Z,0.1
3,8,2,2,2,4,1,1,1,2,1,1,1,1,L,0.59
3,5,2,2,0,7,1,1,1,1,4,2,2,1,Y,1.01
4,4,1,1,0,8,1,1,2,5,3,2,2,1,2,1.43
3,4,1,1,0,8,1,2,4,4,2,2,2,3,C,1.39
2,8,1,2,3,5,1,2,3,1,2,2,1,1,M,0.83
4,8,1,3,0,6,1,1,2,5,3,2,1,3,B,1.74
4,7,1,2,0,7,2,1,2,6,1,2,2,1,I,0.91
4,8,1,2,0,2,2,1,1,2,1,4,1,1,6,0.14
4,8,1,2,0,2,1,2,2,4,4,2,1,1,S,0.51
4,8,1,2,0,2,2,1,2,3,4,2,1,1,Y,1.12
1,8,2,2,2,4,1,1,1,1,2,2,1,1,M,0.72
4,7,2,2,0,7,1,1,2,4,3,2,2,1,2,1.42
3,6,1,1,1,3,1,2,5,5,3,2,1,3,F,0.54
4,4,1,1,0,8,1,1,1,5,5,3,2,1,X,1.04
3,8,2,2,0,2,1,1,1,4,3,2,1,1,F,0.43
4,4,1,1,0,8,1,1,1,5,3,1,2,1,O,1.54
4,7,1,1,0,8,2,1,1,5,1,3,2,1,Z,0.09
4,2,1,1,0,8,2,1,1,1,3,3,2,1,Q,1.3
2,8,2,2,0,2,1,2,3,5,4,2,1,1,Y,1.73
3,6,1,1,0,1,2,1,1,5,5,5,1,1,W,0.12
4,3,2,2,1,4,1,2,3,4,5,5,1,3,W,0.16
4,8,2,4,1,5,2,1,1,6,1,4,1,1,6,0.13
3,8,1,4,0,2,1,2,3,2,1,1,1,1,L,0.68
4,4,0,1,0,8,1,2,3,4,3,1,2,3,5,1.62
4,4,1,2,0,2,2,1,2,1,3,2,2,1,2,1.01
4,6,2,2,0,2,1,1,2,4,4,4,1,1,3,0.59
4,7,1,1,0,8,2,1,3,1,2,2,2,1,C,0.87
4,6,2,2,0,7,1,1,2,4,3,3,2,1,Q,1.87
4,8,2,2,2,3,1,1,1,6,3,2,1,1,B,1.62
3,7,2,3,3,5,1,1,2,2,3,2,1,1,2,1.35
1,8,1,2,2,4,2,1,1,1,5,5,1,1,W,0.1
4,8,1,2,0,7,1,2,7,1,5,3,1,1,X,1.11
2,8,1,2,0,2,1,2,4,4,2,2,1,3,M,1.14
4,5,1,1,0,1,1,1,2,3,2,2,1,1,V,1.37
4,8,1,1,0,1,1,2,3,6,2,2,1,3,M,0.95
1,3,1,1,0,1,1,1,1,5,4,2,2,1,S,0.5
4,4,0,1,0,1,2,2,2,3,3,3,2,3,G,0.87
4,8,1,2,0,2,1,1,2,2,4,2,1,1,Y,1.41
3,7,2,3,0,6,1,1,1,6,3,1,1,1,N,1.36
4,7,2,2,0,7,2,1,2,1,2,2,1,1,V,1.1
3,4,2,3,0,6,1,1,2,3,1,1,1,1,L,0.54
4,8,2,2,0,7,2,1,1,2,1,4,2,1,6,0.14
4,8,2,2,0,7,2,1,2,1,1,1,1,1,U,1.03
4,4,1,1,0,8,1,2,4,6,2,2,2,1,V,1.85
4,7,2,3,0,6,1,1,2,3,3,3,1,1,G,0.84
4,6,1,2,0,7,2,2,1,1,2,2,2,1,C,0.76
4,3,0,1,0,8,1,1,1,5,2,2,2,1,V,1.34
3,3,1,2,0,7,1,1,1,6,3,1,2,1,O,1.43
3,5,0,1,0,1,1,2,4,1,3,2,1,3,P,1.66
3,4,1,1,0,8,2,1,1,1,5,5,2,1,W,0.1
4,6,2,2,0,2,1,2,3,4,3,3,1,3,G,1.13
4,8,2,2,2,4,2,1,1,1,2,2,1,1,E,0.52
4,7,2,2,0,7,2,1,1,6,3,3,1,1,G,0.93
4,5,1,3,2,5,1,2,2,3,2,1,2,3,4,0.63
3,5,1,1,0,1,1,2,4,1,3,2,1,1,P,1.66
4,4,0,1,0,1,1,2,4,1,2,2,1,1,M,0.91
4,7,2,2,0,7,1,1,2,2,1,1,1,1,L,0.59
3,8,2,2,1,4,2,2,4,1,4,2,1,1,Y,1.32
4,6,2,1,0,1,2,1,1,5,1,3,1,1,Z,0.09
4,1,1,1,0,1,1,1,3,3,3,2,2,1,2,1.45
3,5,1,1,0,1,1,1,3,6,2,2,1,3,V,1.69
4,4,1,3,0,6,2,2,2,3,2,2,1,3,T,0.56
3,7,1,3,0,6,1,2,3,3,2,4,1,3,K,0.64
4,4,1,1,0,1,1,2,5,3,3,1,1,1,5,1.5
4,8,2,2,0,1,1,1,4,1,3,3,1,1,Q,1.79
4,2,1,2,0,2,2,1,1,5,5,5,1,1,W,0.12
4,2,2,2,0,7,1,1,1,4,4,2,2,1,S,0.51
4,7,2,1,0,8,1,1,4,4,3,1,1,2,O,1.98
4,7,1,2,2,4,1,2,4,1,3,2,1,3,B,1.83
3,8,2,4,0,6,2,1,1,1,1,3,1,1,Z,0.07
4,8,2,2,1,4,1,1,1,6,4,2,1,1,S,0.47
3,8,1,2,2,4,2,1,1,2,1,4,1,1,6,0.14
3,6,2,2,0,7,1,1,2,6,3,3,2,1,Q,1.7
4,3,1,2,0,2,1,2,3,4,3,1,1,3,N,1.68
4,4,1,1,0,8,1,1,2,2,1,1,2,1,L,0.59
3,8,1,2,2,4,1,2,4,1,2,2,1,1,M,0.91
4,8,2,2,0,7,1,1,7,1,2,3,2,1,D,0.65
4,3,1,2,0,7,2,2,1,1,2,2,2,1,T,0.52
2,7,1,1,0,1,2,1,1,4,1,3,1,1,Z,0.09
3,8,1,2,1,4,1,1,5,2,3,3,1,1,G,1.16
2,8,2,2,0,2,2,1,1,1,2,2,1,1,C,0.76
4,6,1,2,0,7,1,1,3,4,3,2,2,1,2,1.65
4,7,1,3,1,5,1,1,4,3,2,3,1,1,D,0.67
3,6,0,1,0,1,1,2,4,3,3,2,1,1,2,1.59
4,5,1,3,1,5,1,2,3,4,2,1,1,3,4,0.85
3,5,1,2,1,4,1,1,4,5,2,2,1,3,M,1.12
3,7,1,2,0,7,2,1,1,4,1,4,2,1,6,0.15
4,7,1,1,0,8,1,1,2,4,3,3,1,3,G,0.97
3,5,0,1,1,3,1,2,2,3,2,4,2,3,K,0.55
3,6,1,2,0,1,1,2,4,1,2,2,2,3,M,0.91
1,8,1,1,0,1,1,1,1,2,3,2,1,1,A,1.79
4,3,1,1,0,1,2,1,1,1,2,2,1,3,1,0.65
3,4,1,1,0,1,1,2,5,2,2,2,1,1,T,0.87
4,8,2,2,0,2,2,1,1,6,1,4,1,1,6,0.13
4,7,1,2,1,4,1,2,4,3,4,3,1,3,H,1.12
4,6,1,1,0,1,1,2,4,2,2,2,1,1,M,1.06
3,8,2,2,0,2,2,1,1,4,1,3,1,1,Z,0.09
3,7,1,2,0,7,2,1,3,4,1,4,1,3,6,0.17
3,7,1,2,0,7,2,1,1,3,1,4,2,1,6,0.13
4,7,1,2,0,7,1,2,3,1,3,3,2,1,G,0.92
3,7,1,1,0,1,2,1,1,5,5,5,1,1,W,0.12
4,8,1,2,0,2,1,1,3,2,2,2,1,1,M,0.97
3,8,1,2,0,7,2,2,3,5,3,2,1,3,2,1.44
4,5,1,1,0,1,1,2,3,3,2,1,2,3,J,0.89
4,3,2,2,0,2,1,1,2,4,3,2,2,1,2,1.45
4,1,1,1,0,8,1,1,6,5,2,3,2,1,D,0.8
3,8,1,2,2,4,1,1,2,4,2,2,1,1,T,0.73
3,3,0,1,0,1,1,2,3,3,1,3,2,3,Z,0.1
4,7,1,1,0,8,2,1,2,3,5,3,1,1,X,0.97
3,8,1,2,2,4,1,2,3,1,3,2,1,1,P,1.52
4,8,2,4,0,6,1,2,2,4,2,2,1,1,V,1.36
4,6,2,2,0,7,1,1,2,1,2,2,2,1,V,1.27
3,8,2,2,0,2,2,1,1,6,3,1,1,1,O,1.45
4,5,1,1,0,8,1,1,1,2,1,4,2,1,6,0.15
3,7,2,2,0,2,1,1,3,3,2,2,1,1,M,0.76
4,8,2,2,0,7,1,1,2,6,3,2,1,1,B,1.61
4,3,1,1,0,8,2,1,1,5,1,4,1,1,6,0.15
1,8,2,2,0,7,1,1,1,5,4,2,2,1,S,0.5
4,2,1,1,0,8,2,2,2,4,3,3,2,1,Q,1.62
1,8,2,2,1,4,2,1,1,1,3,2,1,1,B,1.47
4,3,1,1,0,8,1,2,3,3,1,2,2,3,I,0.96
3,7,1,2,0,7,1,1,2,4,3,1,2,1,O,1.56
3,4,1,1,0,8,2,1,1,5,3,1,2,1,O,1.56
4,2,1,2,0,7,1,1,2,3,3,1,2,3,N,1.28
4,3,1,2,0,7,1,1,2,4,2,2,2,1,1,0.81
3,8,2,2,2,4,1,1,3,6,2,2,1,1,M,0.95
3,3,1,1,0,1,1,1,4,4,3,2,1,3,2,1.85
4,8,2,2,0,7,1,1,1,5,2,1,2,1,4,0.73
4,5,2,3,0,6,2,1,1,6,5,5,1,1,W,0.12
4,8,1,4,0,6,1,1,1,4,3,1,1,1,N,1.49
4,8,2,2,0,7,1,1,1,5,3,1,2,1,5,1.38
4,8,2,2,0,7,2,1,1,6,3,3,1,1,Q,1.49
4,6,1,2,0,7,2,1,1,5,1,4,2,1,6,0.15
3,8,2,2,2,4,2,1,2,3,2,2,1,1,T,0.65
3,7,2,2,0,7,2,1,1,1,5,3,1,3,X,0.91
1,5,1,1,0,1,1,1,3,6,4,2,1,3,Y,1.61
3,8,1,2,2,4,1,1,3,6,2,2,1,1,M,0.95
4,8,1,2,0,2,2,1,1,4,2,3,1,1,D,0.57
4,7,2,2,0,2,1,1,3,4,3,2,1,1,2,1.69
2,8,2,2,3,5,2,1,3,1,4,4,1,1,3,0.55
4,3,1,1,0,8,1,2,3,3,4,3,2,3,H,1.03
4,3,2,2,0,7,2,1,1,1,2,3,2,1,D,0.45
3,8,1,2,3,5,1,1,1,4,4,4,1,1,3,0.58
4,6,1,1,0,1,1,1,2,5,2,2,1,1,M,0.88
4,8,1,2,0,7,2,1,1,6,2,4,2,1,K,0.6
4,2,1,1,0,8,1,1,5,6,1,3,2,3,Z,0.11
3,8,2,2,0,7,1,1,1,3,4,3,2,1,H,0.89
2,8,2,2,0,2,1,2,5,3,2,2,1,3,M,0.82
3,7,1,1,0,1,2,1,1,1,2,2,2,1,C,0.76
4,3,2,2,0,2,2,2,5,1,2,3,1,3,D,0.56
4,3,1,1,0,8,1,1,4,4,3,2,2,1,2,1.8
4,8,2,2,0,2,1,1,3,2,2,3,1,1,D,0.67
4,8,2,3,0,1,2,1,1,1,3,3,1,1,Q,1.3
3,7,1,2,0,2,1,1,2,2,2,3,1,1,D,0.57
4,4,1,1,0,1,1,2,5,3,1,2,1,3,I,1.06
3,6,0,1,0,1,1,2,4,4,2,3,1,3,D,0.78
3,8,2,2,0,2,2,1,1,6,4,2,1,1,Y,1.2
4,8,2,2,0,2,2,2,3,1,2,4,1,1,K,0.6
4,6,1,2,0,2,1,2,6,4,2,2,1,3,E,0.79
3,8,1,2,0,2,1,1,2,3,3,2,1,1,A,1.64
3,8,1,1,0,1,1,1,1,5,3,2,1,1,A,1.57
4,7,1,1,0,1,1,2,4,3,2,2,1,1,M,0.98
3,7,2,2,1,4,1,1,2,6,2,2,1,1,M,0.82
4,4,1,1,0,8,1,2,2,4,4,4,2,1,3,0.59
4,7,1,2,0,2,2,1,1,5,5,5,1,1,W,0.12
3,8,1,2,3,5,1,1,1,6,4,4,1,1,3,0.54
3,8,1,2,2,4,1,1,2,4,2,1,1,1,4,0.86
4,8,2,2,1,4,2,1,1,3,5,5,1,1,W,0.11
4,8,2,2,1,4,1,2,3,3,4,2,1,1,S,0.51
4,5,2,2,0,7,2,1,1,6,5,5,2,1,W,0.12
3,7,2,2,0,2,1,1,2,6,3,2,1,1,P,1.5
4,4,1,2,0,7,1,2,3,4,2,4,2,1,K,0.75
4,6,1,2,0,2,2,2,3,4,3,2,1,3,B,2.13
3,3,0,1,0,8,1,1,5,6,1,3,2,3,Z,0.11
4,8,1,2,0,7,1,2,4,1,3,2,1,1,P,1.66
2,8,1,1,0,1,1,2,4,5,2,2,1,3,M,1.12
4,6,1,2,0,7,2,1,1,4,1,3,2,1,Z,0.09
3,4,0,1,0,1,1,2,3,3,1,3,2,3,Z,0.1
4,4,1,2,0,7,1,1,2,5,2,3,1,3,D,0.6
3,8,1,2,2,4,2,1,2,2,3,1,1,1,O,1.47
4,5,1,1,0,8,2,1,1,2,1,4,2,1,6,0.14
4,5,1,2,0,7,1,2,1,2,1,1,2,1,R,0.92
3,8,2,2,1,4,1,1,2,4,3,2,1,1,P,1.64
1,8,2,2,2,4,1,1,4,3,1,1,1,1,U,1.58
4,8,1,2,3,5,1,1,3,4,2,2,1,3,E,0.72
3,8,2,3,0,6,1,1,1,4,2,2,1,1,1,0.81
4,8,1,2,2,4,1,1,3,3,2,2,1,3,M,0.9
4,7,2,3,0,6,1,2,3,3,2,4,1,3,K,0.64
1,7,2,2,1,4,1,1,2,1,3,2,1,1,F,0.35
3,2,1,2,0,7,1,1,3,3,3,2,2,1,2,1.71
4,7,1,2,0,2,2,2,4,5,2,3,1,3,D,0.7
4,5,1,2,0,7,2,1,1,1,1,2,2,1,I,0.8
3,7,1,2,0,7,2,1,1,1,3,3,1,1,Q,1.3
1,5,1,2,0,7,1,1,1,6,5,5,2,1,W,0.13
4,3,1,1,0,1,1,1,4,6,2,2,1,1,M,1.04
3,7,2,3,0,6,2,1,1,5,5,5,1,1,W,0.12
3,7,1,1,0,8,2,2,3,3,1,3,1,1,Z,0.09
4,3,0,1,2,3,1,1,2,4,2,2,2,3,1,0.81
1,8,1,2,1,4,2,1,1,6,4,2,1,1,S,0.47
3,5,1,2,0,7,1,2,2,1,2,2,2,1,C,0.74
4,3,1,2,0,7,1,1,3,4,4,3,2,1,H,1.19
3,8,2,1,0,1,2,1,5,1,2,4,1,1,K,0.65
3,7,2,3,0,6,1,2,3,3,4,2,1,1,S,0.51
3,4,2,2,1,4,1,1,3,2,3,2,1,1,P,1.78
3,5,1,1,0,8,1,1,1,5,3,2,2,1,F,0.44
3,4,2,2,0,7,2,1,1,5,3,3,2,1,G,0.86
1,8,2,2,4,5,1,1,1,3,4,4,1,1,3,0.51
4,8,1,2,0,7,1,2,5,2,5,3,1,1,X,1.29
3,7,1,2,1,4,1,1,1,6,4,2,1,1,S,0.47
4,7,1,1,0,1,2,1,1,1,1,4,1,1,6,0.12
3,6,1,1,0,1,2,1,1,2,1,4,1,1,6,0.14
3,8,1,2,0,2,1,2,4,1,2,2,1,1,M,0.91
4,8,2,2,0,7,1,2,3,1,4,2,1,1,Y,1.4
4,8,2,2,0,7,2,1,1,1,1,4,1,1,6,0.12
3,7,2,2,0,7,1,2,4,1,3,2,1,1,A,1.93
3,4,1,1,0,8,1,2,4,4,2,2,2,1,M,1.14
3,8,1,2,1,4,1,1,2,5,2,2,1,1,V,1.33
4,7,1,1,0,8,1,1,2,3,3,2,2,1,B,1.56
4,7,2,2,1,4,1,1,1,1,1,4,1,1,6,0.13
3,7,2,2,1,4,1,1,2,1,3,2,1,1,2,1.16
3,7,2,1,0,1,1,1,1,5,3,2,1,1,2,1.44
4,8,1,1,0,1,1,2,4,6,2,2,1,3,M,1.04
3,7,1,2,0,7,1,1,2,4,2,1,2,1,J,0.76
4,8,2,2,0,7,1,1,7,1,3,2,2,1,2,1.45
3,4,1,2,0,7,2,1,1,1,3,3,2,1,G,0.81
3,6,0,2,0,7,1,1,3,2,4,3,2,1,H,1.11
4,3,1,1,0,8,2,1,1,4,1,3,2,3,Z,0.09
3,8,1,2,0,7,1,1,2,2,2,2,1,1,1,0.75
3,8,1,4,0,6,1,1,1,5,1,2,1,1,I,0.95
4,6,2,4,0,6,2,1,1,5,5,5,2,1,W,0.12
3,3,1,1,0,8,1,1,2,2,1,1,2,1,L,0.59
4,6,2,2,0,7,1,1,1,6,2,2,2,1,E,0.58
4,8,1,2,0,2,2,2,3,1,3,1,2,1,O,1.46
4,5,2,2,0,2,1,2,5,2,3,2,1,3,P,1.91
3,4,1,1,2,3,1,1,4,4,3,2,1,1,P,2.08
4,8,1,2,1,3,1,1,2,1,3,2,1,1,A,1.52
4,8,2,3,0,6,2,2,2,1,3,2,1,1,B,1.46
3,8,2,2,2,4,1,2,3,1,4,3,1,1,H,0.95
4,3,1,1,0,8,2,1,1,1,1,4,2,1,6,0.12
4,4,1,1,0,1,2,2,5,3,2,2,1,3,E,0.69
3,3,1,1,0,1,1,2,3,3,1,4,1,3,6,0.16
3,4,1,1,0,1,1,2,4,6,2,2,1,1,M,1.04
3,8,1,1,0,8,1,1,2,4,2,4,2,1,K,0.64
3,6,1,1,0,1,1,1,7,1,3,2,1,1,P,1.63
4,2,2,2,0,2,2,1,1,4,5,5,2,1,W,0.13
4,8,2,2,0,2,1,1,6,6,2,2,1,1,M,1.02
4,6,1,2,0,7,1,2,3,4,4,2,2,1,S,0.59
3,4,1,1,0,8,2,1,1,5,3,2,2,1,F,0.44
4,4,1,2,0,7,1,1,1,5,3,2,2,1,B,1.79
3,7,1,2,0,2,1,2,4,1,2,2,1,3,M,0.91
3,7,1,2,0,2,1,1,3,3,4,4,1,3,3,0.59
3,5,1,2,0,7,1,1,1,5,3,1,2,1,5,1.38
4,8,2,2,0,7,2,1,1,5,3,2,2,1,B,1.81
3,8,1,2,2,4,1,1,2,3,1,2,1,1,I,0.83
3,3,1,2,0,2,1,1,2,3,3,2,2,1,A,1.64
3,7,2,2,1,4,1,2,2,5,1,3,1,1,Z,0.1
4,5,2,2,0,2,1,2,4,1,2,2,1,3,M,0.91
4,7,1,1,0,8,2,1,7,1,2,3,2,1,D,0.56
4,4,2,2,0,7,1,1,2,3,3,3,2,1,Q,1.61
3,6,2,4,1,5,1,2,6,4,4,3,1,3,H,1.28
2,8,2,2,0,2,1,1,2,1,1,1,1,1,U,1.18
4,5,1,1,0,8,1,2,3,4,2,1,2,1,J,0.88
2,6,2,2,0,7,1,1,1,5,2,1,2,1,J,0.88
4,8,1,1,0,1,1,1,5,5,3,3,1,3,Q,2.17
3,8,2,2,0,2,1,1,1,6,4,2,1,1,S,0.47
3,8,1,2,2,4,2,1,2,2,5,5,1,3,W,0.13
4,8,1,2,0,7,1,1,1,5,3,2,1,1,A,1.89
3,7,2,2,2,4,2,1,2,4,1,2,1,1,I,1.0
3,8,2,2,1,4,1,1,1,5,3,2,1,1,2,1.41
1,7,1,3,0,6,1,1,3,1,2,4,1,3,K,0.6
1,6,1,1,0,8,1,1,3,6,1,1,2,3,U,1.57
4,7,2,2,0,7,2,1,1,2,3,3,2,1,G,0.81
3,8,2,2,2,4,1,2,3,3,3,2,1,1,F,0.43
4,8,2,2,0,2,1,1,3,5,3,3,1,1,Q,2.02
4,8,1,4,1,5,2,1,1,5,1,3,1,1,Z,0.09
3,8,2,2,2,4,2,1,1,6,1,4,1,1,6,0.13
3,8,2,2,0,2,2,1,1,1,1,3,1,1,Z,0.07
3,8,2,3,0,6,1,1,3,1,3,1,2,1,5,1.3
4,8,1,2,0,7,1,1,1,4,2,2,2,1,C,0.94
4,7,1,1,0,8,1,2,7,1,2,2,2,1,M,0.89
4,5,0,1,0,1,1,2,4,1,2,2,1,1,M,0.91
3,4,0,1,0,1,1,2,4,1,3,2,1,3,P,1.66
4,8,2,2,0,2,1,1,2,4,2,2,1,1,T,0.73
4,6,1,1,0,1,1,2,5,3,4,2,1,1,S,0.54
4,7,1,1,0,1,2,1,3,6,2,2,1,1,E,0.68
3,6,1,2,2,3,1,1,1,6,3,2,1,1,A,1.75
3,8,1,2,0,2,1,2,4,6,2,2,1,1,M,1.04
4,4,1,2,0,7,1,2,3,3,2,1,2,1,4,0.86
3,8,2,3,0,2,1,1,2,1,5,3,1,1,X,0.87
4,4,1,1,0,8,1,1,1,1,2,2,2,1,V,1.28
4,6,1,2,0,7,1,1,2,4,1,2,2,1,I,0.96
1,8,1,2,0,2,1,2,4,3,2,2,1,3,M,0.98
4,7,2,2,0,2,1,1,1,6,4,2,1,1,S,0.47
3,8,2,2,0,2,1,2,4,5,4,3,1,3,H,1.28
4,7,1,2,0,2,1,2,3,4,2,2,1,1,E,0.74
2,8,2,4,0,2,2,1,1,2,3,2,1,1,F,0.42
2,8,1,2,0,7,1,2,3,1,2,2,2,1,M,0.83
4,4,1,2,0,7,1,1,1,3,5,5,1,1,W,0.12
4,5,1,1,0,8,1,1,5,2,3,2,2,1,P,1.91
3,4,1,2,0,7,1,1,3,6,4,2,2,1,S,0.54
4,4,1,2,0,7,1,2,2,1,3,3,1,1,G,0.78
2,4,1,1,1,3,1,2,7,1,2,2,1,1,M,0.89
3,8,1,2,3,5,2,2,2,3,1,3,1,1,Z,0.08
3,4,1,2,0,7,1,2,3,4,2,2,2,1,V,1.58
4,7,1,1,0,1,1,2,5,1,2,2,1,1,E,0.62
3,4,1,1,0,1,1,2,2,3,5,5,1,3,W,0.12
3,5,1,1,0,1,1,2,5,2,2,2,1,3,V,1.57
1,8,2,2,1,4,1,1,1,5,1,1,1,1,L,0.62
1,2,2,2,0,2,2,1,4,5,3,2,2,1,2,1.84
3,8,2,2,2,4,1,1,1,5,3,2,1,1,P,1.63
3,8,2,2,0,2,2,1,1,5,1,2,1,1,I,0.99
3,8,1,1,0,1,1,2,5,3,2,1,1,1,J,0.79
2,7,1,2,0,2,1,1,4,6,2,2,1,1,M,1.04
4,7,2,1,0,1,2,1,1,6,2,2,1,1,V,1.26
3,8,1,2,0,2,1,1,2,3,1,1,1,1,L,0.54
4,8,1,4,0,6,2,1,1,6,1,3,1,1,Z,0.08
4,8,2,2,0,2,1,1,1,5,3,2,1,1,2,1.44
4,7,1,2,0,7,2,1,1,6,2,3,2,1,D,0.52
4,8,2,2,0,2,2,1,3,5,2,2,1,1,E,0.73
3,5,1,1,0,8,1,1,4,5,1,1,2,3,L,0.79
4,8,1,2,2,4,1,2,3,3,5,5,1,3,W,0.14
3,8,2,2,0,2,2,1,1,6,1,3,1,1,Z,0.08
3,6,0,1,0,1,1,2,7,1,2,2,1,1,M,0.89
3,8,2,2,2,4,1,1,3,6,4,2,1,1,Y,1.61
2,5,1,1,0,1,1,2,4,6,3,2,1,1,2,1.69
4,5,1,1,1,3,1,2,3,3,2,2,1,1,M,0.9
4,4,1,1,0,1,2,1,3,1,2,2,1,3,E,0.6
4,8,1,2,2,4,1,1,2,6,2,2,1,3,T,0.67
1,8,2,2,0,2,1,1,2,2,1,1,1,1,R,0.89
3,5,1,2,0,2,1,1,3,1,2,1,2,1,4,0.8
4,6,1,2,0,7,1,1,2,3,3,2,2,1,B,1.47
3,7,1,1,1,3,1,1,3,5,3,2,1,1,P,1.88
4,8,2,3,0,6,1,1,1,5,4,4,1,1,3,0.58
4,5,1,1,1,3,1,2,3,4,5,5,1,1,W,0.16
3,4,1,1,2,3,2,2,2,4,1,3,2,3,Z,0.09
4,4,1,1,2,3,1,2,2,3,3,1,2,3,N,1.28
3,6,1,2,3,5,1,2,2,3,5,5,1,1,W,0.12
4,3,1,2,0,2,1,2,3,3,1,3,1,3,Z,0.1
4,8,2,2,0,7,1,1,1,2,2,1,2,1,J,0.83
3,8,2,2,2,4,2,1,1,6,1,3,1,1,Z,0.08
4,8,1,2,2,4,1,2,3,4,3,2,1,1,F,0.51
4,8,2,2,0,7,2,1,1,1,2,3,1,3,D,0.45
4,6,1,1,0,8,2,1,1,1,5,5,2,1,W,0.1
4,8,1,3,1,5,2,1,1,6,4,4,1,1,3,0.55
3,6,1,2,0,2,1,1,1,4,2,2,1,1,1,0.81
4,5,2,2,0,7,1,1,1,5,4,2,2,1,S,0.5
1,8,1,2,0,7,1,2,1,1,2,2,2,1,E,0.51
4,8,2,4,0,6,1,1,1,5,1,2,1,1,I,0.97
3,3,0,2,0,2,1,1,1,3,2,2,1,1,C,0.8
4,5,2,2,0,7,1,2,2,4,2,4,1,1,K,0.76
3,3,1,1,0,8,1,2,3,4,3,1,2,1,O,1.81
4,3,2,1,0,8,2,1,1,3,5,5,2,1,W,0.11
4,4,1,1,0,1,1,2,3,1,3,1,1,1,5,1.3
4,1,2,4,0,6,2,1,1,3,1,4,2,1,6,0.13
4,5,1,1,0,8,2,1,1,4,3,3,2,1,G,0.87
3,1,2,1,0,8,2,1,1,1,2,2,2,1,E,0.52
4,7,1,2,0,7,1,1,1,4,3,2,2,1,2,1.46
4,3,1,1,0,8,1,1,5,2,1,2,2,1,I,1.14
4,8,2,3,0,6,1,1,2,4,2,1,1,1,J,0.76
3,4,1,1,0,1,1,1,2,3,3,2,1,1,P,1.41
4,6,1,2,0,7,1,1,1,4,2,1,2,1,4,0.74
3,7,2,3,0,2,1,1,1,5,1,3,2,1,Z,0.1
4,2,1,1,0,8,2,1,1,5,1,4,2,1,6,0.15
3,8,0,2,2,4,2,1,2,4,1,3,1,1,Z,0.09
3,8,2,2,0,7,1,2,3,3,3,2,1,1,P,1.64
4,8,1,2,1,4,2,2,2,3,3,3,1,3,Q,1.39
3,8,1,2,0,2,1,2,4,5,5,3,1,1,X,1.39
4,5,1,2,0,7,1,2,4,3,2,2,2,3,E,0.69
1,8,2,2,0,2,1,1,2,4,4,2,1,1,S,0.51
4,6,2,2,0,7,1,1,2,2,2,2,2,1,V,1.48
3,6,2,2,0,7,2,1,1,4,3,3,2,1,Q,1.63
4,1,1,1,0,1,1,1,1,2,2,1,2,1,J,0.83
3,6,1,2,1,4,1,2,2,2,1,1,1,3,R,0.91
4,4,0,1,0,8,1,2,4,1,5,3,2,3,X,1.13
4,7,2,2,0,2,2,2,3,3,4,4,1,1,3,0.59
3,3,1,1,0,1,1,2,4,5,2,2,1,1,C,1.36
4,8,2,2,0,7,1,1,4,6,2,2,2,1,M,1.04
4,6,2,1,0,1,1,1,1,5,2,2,1,1,V,1.34
4,5,2,3,0,6,1,1,2,4,3,2,1,1,F,0.43
3,8,2,2,1,4,2,1,1,1,1,3,1,1,Z,0.07
4,7,2,2,0,7,2,1,1,5,3,3,1,1,G,0.86
4,8,1,2,0,2,1,2,3,3,3,1,1,3,O,1.56
3,6,1,1,0,1,1,2,3,4,1,4,1,1,6,0.19
3,8,2,2,0,2,1,1,1,1,2,2,1,1,C,0.75
1,8,2,3,0,6,2,1,1,6,5,5,1,1,W,0.12
4,5,1,1,0,8,1,1,3,4,3,2,2,3,A,2.22
1,8,2,2,3,5,1,1,1,5,2,1,1,1,J,0.88
4,6,1,2,0,7,2,1,1,6,3,3,2,1,Q,1.74
4,3,1,1,0,8,1,1,2,4,3,2,2,1,B,1.81
3,6,2,2,0,2,2,1,1,2,1,4,1,1,6,0.14
3,8,1,2,0,7,2,1,2,3,1,3,1,1,Z,0.08
4,4,1,1,2,3,2,1,2,6,5,5,1,3,W,0.11
4,2,0,1,0,1,1,2,4,1,3,2,2,3,A,1.93
3,4,1,1,0,8,1,2,4,5,2,2,2,3,1,0.98
4,5,1,2,0,7,2,1,1,1,2,4,2,1,K,0.52
1,8,2,2,0,7,1,1,2,2,4,4,1,1,3,0.55
4,5,0,1,0,8,1,1,1,6,3,2,2,1,2,1.3
4,6,2,2,0,7,1,1,1,1,2,2,2,1,E,0.51
4,8,1,3,1,5,1,1,1,5,2,2,1,1,T,0.74
4,1,0,1,2,3,1,1,1,4,3,3,2,3,G,0.95
2,8,2,2,0,7,1,1,7,1,2,3,2,1,D,0.65
3,6,1,1,0,1,1,1,4,5,3,2,1,1,P,2.05
3,7,1,1,0,8,1,1,2,4,3,2,2,1,F,0.43
2,8,2,2,1,4,1,1,1,6,4,2,1,1,S,0.47
3,7,2,2,0,7,1,1,1,5,3,3,2,1,G,0.99
3,8,1,2,2,4,1,1,1,2,2,2,1,1,M,0.84
4,4,1,2,0,7,2,1,2,4,3,3,1,1,Q,1.62
4,4,1,1,0,1,2,2,3,1,2,4,1,1,K,0.6
4,3,2,2,0,7,2,1,2,2,2,2,2,1,E,0.6
4,7,1,2,0,2,2,1,1,3,2,2,1,3,T,0.65
4,7,0,1,0,8,1,2,4,1,2,2,1,3,M,0.91
4,8,2,1,0,8,1,1,1,3,4,4,2,1,3,0.51
1,8,2,2,1,3,1,2,2,4,3,1,1,1,5,1.4
4,7,2,2,0,2,2,1,1,1,2,2,1,1,M,0.62
3,8,2,2,1,4,1,1,3,4,3,2,1,1,A,2.22
3,8,2,3,0,6,1,1,3,6,4,2,1,1,Y,1.61
3,8,2,2,0,7,1,1,1,5,3,2,1,1,2,1.44
3,8,2,2,2,4,1,1,2,2,3,2,1,1,P,1.53
4,7,1,2,0,7,1,2,3,3,3,2,2,1,2,1.45
4,1,1,1,0,8,2,1,2,1,2,2,2,1,E,0.51
1,7,2,3,0,6,2,1,1,1,1,3,1,1,Z,0.07
3,7,1,3,2,5,1,1,1,5,1,2,1,1,I,0.97
4,1,1,2,0,7,1,1,3,4,1,1,2,1,U,1.72
3,8,1,2,0,2,1,1,4,6,3,2,1,1,2,1.69
3,8,2,2,0,2,2,2,5,4,1,3,1,1,Z,0.11
3,7,1,1,0,1,1,1,5,2,2,2,1,1,M,1.04
3,6,1,1,0,1,1,2,3,4,4,3,1,1,H,1.19
4,4,1,2,0,7,2,2,3,5,2,4,2,3,K,0.74
4,3,0,1,0,8,1,2,4,1,2,2,2,1,M,0.91
3,4,1,1,0,8,1,2,3,5,3,1,2,3,O,1.78
3,5,0,1,0,1,1,1,6,6,2,2,1,1,M,1.02
4,4,1,2,0,7,1,1,1,4,2,2,2,1,T,0.73
4,7,1,1,2,3,1,1,2,3,3,1,1,1,O,1.34
3,8,2,4,0,6,1,1,3,5,2,2,1,1,M,1.02
4,4,1,1,0,8,1,1,5,5,3,2,2,1,B,2.22
4,4,1,1,0,1,1,2,3,5,3,1,1,3,O,1.78
1,8,1,2,1,4,1,2,1,2,2,2,1,1,M,0.84
3,8,1,3,2,5,1,2,5,1,2,2,1,1,M,0.89
4,7,2,2,0,7,1,2,2,4,5,5,1,1,W,0.14
4,7,2,2,0,7,1,1,2,1,2,2,1,1,E,0.51
3,7,1,2,0,2,1,1,2,3,1,1,1,1,R,0.84
4,5,0,1,0,1,1,2,5,1,2,2,2,3,E,0.63
4,2,0,1,0,8,1,1,4,4,2,2,2,1,E,0.79
4,8,2,3,0,7,1,1,1,6,3,1,1,1,5,1.28
3,5,1,1,0,1,1,2,4,1,2,2,1,1,M,0.91
4,8,1,2,0,7,1,2,7,1,2,2,2,1,M,0.89
2,6,1,2,0,7,1,1,2,1,1,1,2,1,U,1.18
4,7,0,2,0,2,1,1,4,5,2,2,1,3,M,1.12
4,5,2,2,0,2,1,1,2,5,3,2,1,1,B,1.78
3,8,2,2,1,4,1,1,5,2,3,1,1,3,O,1.81
4,5,2,1,0,1,1,1,1,1,2,2,1,1,T,0.58
4,2,1,1,0,8,1,2,4,1,4,2,2,1,Y,1.53
4,6,1,2,0,2,1,1,2,3,3,1,1,3,N,1.28
3,6,1,1,0,1,1,2,4,3,2,1,1,1,J,0.97
4,7,1,2,0,7,1,1,2,3,2,2,2,1,M,0.77
1,8,2,1,0,8,1,2,4,3,2,2,1,1,V,1.48
4,7,1,2,0,7,1,1,2,4,3,2,2,1,2,1.45
4,8,1,2,0,7,1,2,3,3,4,2,2,3,S,0.51
3,7,1,2,0,2,1,2,2,4,4,4,1,1,3,0.59
4,3,1,1,0,8,1,1,5,4,2,1,2,1,4,0.91
3,6,2,2,0,2,2,2,2,4,1,3,1,1,Z,0.09
3,7,1,2,2,4,1,2,5,3,5,3,1,1,X,1.2
4,3,1,1,0,8,1,1,4,5,1,1,2,1,U,1.85
4,8,1,1,0,1,1,1,2,2,3,2,1,1,A,1.78
4,3,1,1,0,8,1,1,6,6,3,2,2,1,2,1.66
4,5,1,2,0,7,2,1,2,3,2,3,2,1,D,0.49
4,6,1,1,0,1,1,2,4,3,2,2,1,1,M,0.98
4,6,2,2,0,1,2,1,2,6,2,2,1,1,E,0.59
2,8,2,2,0,2,1,1,2,3,2,1,1,1,J,0.77
4,6,1,1,0,1,1,1,4,4,2,2,1,3,T,0.92
4,4,1,1,0,1,2,2,1,4,1,3,1,3,Z,0.09
4,3,0,1,0,8,1,1,2,2,4,2,2,1,S,0.46
4,8,1,1,0,1,1,2,5,3,2,1,1,3,4,0.92
1,7,1,2,0,8,1,1,5,1,2,1,2,1,4,0.86
1,8,2,2,3,5,1,1,2,4,2,2,1,1,M,0.9
4,3,1,4,0,6,1,2,4,2,2,2,2,3,M,1.06
1,8,2,2,0,7,2,1,1,6,1,3,2,1,Z,0.08
4,8,1,2,1,4,2,1,1,1,2,2,1,1,C,0.76
1,6,1,2,0,7,2,1,1,1,5,5,2,1,W,0.1
4,2,0,1,0,8,1,1,1,3,2,2,2,1,C,0.8
3,4,2,3,0,6,2,1,1,4,2,1,2,1,J,0.77
3,4,0,1,1,3,1,2,3,6,4,2,1,3,S,0.54
3,1,1,2,0,7,1,1,2,1,4,2,1,1,S,0.4
4,5,1,1,0,8,1,1,1,5,3,2,1,1,2,1.41
4,3,1,1,0,8,1,1,2,3,2,3,2,1,D,0.56
4,6,1,1,4,3,1,1,2,5,2,2,1,3,T,0.72
3,7,1,2,0,2,2,1,3,3,1,2,1,1,I,1.0
4,6,0,1,0,1,2,1,1,1,3,3,1,1,Q,1.52
3,4,1,1,0,8,1,1,1,2,2,2,2,1,M,0.84
4,5,2,2,0,7,1,1,1,1,2,3,2,1,D,0.49
2,2,2,3,0,6,2,1,2,1,2,1,2,1,J,0.61
4,4,1,2,0,7,2,2,2,1,3,3,2,1,Q,1.29
3,1,1,2,0,7,1,1,2,3,3,2,2,1,B,1.52
2,5,2,2,0,2,1,2,4,1,1,1,1,1,R,0.99
4,7,0,1,0,8,1,1,4,6,2,2,2,1,M,1.04
4,2,1,2,0,7,1,1,3,6,4,4,2,3,3,0.62
4,3,1,1,0,8,1,2,3,4,4,2,2,1,S,0.59
1,8,2,2,2,4,2,1,1,1,5,3,1,1,X,0.78
4,2,1,1,0,8,1,1,1,4,1,4,2,1,6,0.16
4,6,2,3,0,6,2,1,1,1,3,3,1,1,G,0.81
4,7,1,2,0,7,1,2,3,4,3,3,1,1,Q,2.05
3,8,1,2,2,4,1,1,2,4,3,3,1,1,G,0.97
4,6,1,2,1,4,1,1,2,6,2,2,1,2,T,0.68
3,8,2,2,2,4,2,1,1,6,4,4,1,1,3,0.55
3,8,1,2,0,2,1,2,3,3,2,2,1,3,V,1.36
3,8,2,2,2,4,1,1,1,3,2,1,1,1,J,0.77
4,2,0,1,0,8,1,2,4,1,3,2,2,1,B,1.83
4,6,1,1,0,8,1,1,3,1,3,1,2,1,N,1.37
4,7,2,4,0,2,1,2,5,3,3,2,1,1,A,2.05
4,8,1,2,0,7,2,1,1,5,1,3,2,1,Z,0.09
4,7,1,2,0,7,1,2,2,1,2,4,1,1,K,0.51
1,8,1,2,0,7,2,1,1,1,2,2,1,1,C,0.76
3,7,1,1,0,1,1,2,4,1,3,2,1,1,P,1.66
4,7,1,2,0,7,2,1,1,4,2,3,2,1,D,0.57
4,5,1,1,0,8,2,1,4,5,1,1,2,1,L,0.68
3,3,1,1,0,8,1,2,4,1,3,2,2,1,P,1.66
4,6,1,3,1,5,2,1,1,1,3,3,1,1,Q,1.3
3,7,1,1,0,1,1,2,3,4,1,4,1,3,6,0.19
4,5,1,1,0,1,1,1,2,4,5,5,1,3,W,0.14
4,5,1,1,2,3,1,2,3,4,2,4,1,3,K,0.75
3,8,2,2,2,4,1,1,2,2,2,2,1,1,V,1.48
4,7,1,2,0,7,1,1,3,1,3,2,2,1,P,1.52
3,8,2,3,0,6,1,1,1,5,3,2,1,1,B,1.79
4,7,2,3,0,6,1,1,1,4,4,2,2,1,S,0.51
4,5,2,2,0,2,1,2,2,2,2,2,1,1,1,0.75
4,6,1,2,0,7,2,1,1,3,3,3,1,1,Q,1.4
3,8,2,2,0,2,1,1,1,6,1,4,1,1,6,0.15
3,7,1,2,0,2,2,1,1,1,4,4,1,1,3,0.48
2,8,2,2,2,4,1,2,2,1,4,2,1,1,S,0.4
4,5,1,1,1,3,1,2,3,3,3,1,1,3,N,1.48
3,8,2,2,2,4,2,1,1,6,2,2,1,1,E,0.59
2,8,1,2,0,7,1,1,1,4,2,1,2,1,J,0.9
3,7,1,1,2,3,1,1,1,4,5,3,1,1,X,1.06
3,8,2,2,0,2,2,2,3,1,2,2,1,1,E,0.51
3,6,0,1,0,1,1,2,5,6,3,3,1,3,Q,2.01
4,4,1,2,2,4,1,1,4,1,3,2,1,3,2,1.47
4,8,1,2,0,2,1,1,1,4,5,5,1,1,W,0.14
4,3,1,1,0,8,2,2,2,4,3,3,2,3,Q,1.62
3,6,1,2,0,7,1,2,3,4,2,2,2,1,1,0.89
4,8,1,2,2,4,2,1,1,4,5,5,1,1,W,0.13
4,5,1,3,0,6,1,2,4,2,3,1,1,3,N,1.75
4,8,1,2,2,4,1,1,3,4,3,3,1,3,Q,2.05
4,5,2,2,0,7,1,1,2,5,5,5,1,3,W,0.13
3,8,2,2,2,4,1,1,1,2,4,2,1,1,S,0.48
4,5,1,1,0,8,2,1,1,4,1,4,2,1,6,0.15
3,5,1,1,0,1,1,2,4,6,2,2,1,1,M,1.04
3,7,1,1,0,1,1,1,1,6,3,2,1,1,P,1.51
4,6,1,1,0,1,1,2,5,3,2,2,1,1,E,0.66
4,2,1,1,0,8,1,2,3,1,3,2,2,1,P,1.52
4,5,1,2,0,7,1,1,1,5,2,4,2,1,K,0.64
3,4,1,1,0,8,1,1,2,4,2,2,2,1,1,0.79
4,7,2,2,0,2,1,2,2,1,2,3,1,1,D,0.49
4,8,1,2,0,2,2,1,1,2,1,4,1,1,6,0.14
3,8,1,2,1,4,2,1,1,5,1,3,1,1,Z,0.09
4,4,1,2,0,2,1,2,3,4,3,2,1,1,P,1.91
4,8,1,2,0,2,1,1,2,4,2,2,1,1,V,1.59
4,8,1,3,1,5,2,1,2,2,4,4,1,1,3,0.55
3,8,1,3,0,6,1,1,2,3,2,4,1,1,K,0.55
1,8,1,2,0,2,1,1,1,5,4,4,1,1,3,0.58
3,8,1,2,1,4,1,2,3,3,3,1,1,3,O,1.56
4,8,2,4,0,6,1,1,1,5,5,3,1,1,X,1.1
4,4,1,1,0,1,1,1,3,6,2,2,2,3,V,1.69
3,8,2,2,0,7,1,1,1,5,2,2,2,1,M,0.89
3,7,1,1,0,1,1,1,3,1,5,5,1,3,W,0.13
4,7,1,2,0,2,2,1,2,2,1,2,1,1,I,0.93
4,6,1,1,0,1,1,1,4,1,2,2,1,3,E,0.64
4,4,1,2,0,7,1,1,3,3,2,2,1,1,T,0.73
3,5,1,1,0,1,1,1,2,6,3,2,1,1,B,1.65
3,8,1,2,2,4,1,1,2,5,3,2,1,1,A,1.56
4,7,2,2,0,7,1,1,2,1,3,2,2,1,B,1.36
4,7,1,2,0,7,1,1,1,3,2,2,2,1,M,0.78
3,5,2,2,2,4,2,1,1,5,1,3,1,1,Z,0.09
4,5,1,1,0,1,1,2,1,4,2,2,2,3,1,0.79
4,7,1,1,4,3,2,2,5,3,2,4,1,3,K,0.7
4,8,2,2,0,2,1,1,1,6,3,1,1,1,O,1.4
3,8,2,4,0,6,1,1,1,5,2,1,1,1,J,0.88
3,5,2,3,0,6,1,1,3,1,3,2,2,1,2,1.35
3,4,1,3,0,6,1,2,5,2,4,3,1,3,H,1.19
3,5,1,1,0,1,1,2,3,4,3,1,1,1,O,1.81
4,3,1,1,0,1,2,1,1,2,1,4,1,1,6,0.14
3,5,1,3,0,6,1,2,3,3,4,3,1,3,H,1.03
3,6,2,2,0,2,2,1,1,6,1,3,1,1,Z,0.08
4,5,1,1,0,1,2,1,1,1,1,1,1,1,U,1.03
3,8,1,2,0,7,1,1,1,2,2,2,2,1,M,0.84
3,7,2,2,0,2,1,1,2,2,3,2,1,1,P,1.53
4,4,1,1,0,1,1,2,4,3,4,2,1,3,Y,1.65
4,8,2,3,1,5,1,1,1,6,3,2,1,1,2,1.34
3,3,1,2,0,2,1,2,3,3,2,4,1,3,K,0.76
4,6,1,2,1,4,1,2,3,4,4,2,1,1,Y,1.76
4,7,1,2,0,2,1,1,1,1,3,1,1,1,O,1.25
4,8,2,2,1,4,1,1,1,6,3,2,1,1,2,1.34
1,8,2,2,0,2,1,1,1,5,3,1,1,1,5,1.38
4,7,1,2,0,7,2,1,1,5,3,2,1,3,B,1.81
4,4,1,2,0,7,2,1,2,3,2,2,1,1,1,0.7
4,1,1,1,0,1,1,1,2,4,3,2,2,1,2,1.45
3,8,2,3,1,5,1,1,3,4,4,2,1,1,Y,1.76
3,5,2,2,0,7,1,1,1,5,3,2,2,1,F,0.43
3,4,2,2,0,2,1,2,3,4,2,2,2,3,V,1.85
3,8,1,2,0,1,1,2,4,1,2,2,1,1,M,0.91
1,7,2,2,0,7,1,1,1,5,3,1,2,1,5,1.38
4,8,2,2,0,2,2,1,1,4,2,2,1,1,E,0.65
3,8,2,2,0,2,2,1,1,6,1,3,1,1,Z,0.08
3,8,2,2,2,4,1,1,1,4,3,1,1,1,O,1.57
4,3,1,1,0,1,1,2,4,6,4,2,1,1,S,0.59
3,7,1,1,1,3,1,1,1,4,3,1,1,3,O,1.57
4,1,1,2,0,7,1,1,2,3,2,2,2,1,V,1.37
2,8,1,2,0,7,1,1,7,2,2,2,1,1,M,1.04
3,8,1,2,0,2,2,1,1,3,1,4,1,1,6,0.13
4,8,0,2,0,2,2,1,1,5,1,3,1,1,Z,0.09
4,7,1,1,0,1,1,1,2,2,2,2,1,1,1,0.75
3,4,0,2,0,2,1,1,2,3,2,2,1,1,C,0.8
3,8,2,2,2,4,1,1,1,1,2,1,1,1,J,0.61
3,7,2,2,3,5,1,2,3,4,1,1,1,3,U,1.72
4,3,1,2,0,7,2,1,2,3,3,1,2,1,O,1.36
3,8,2,4,0,6,1,1,1,1,2,2,1,1,1,0.65
3,4,1,2,0,7,2,1,1,1,5,5,2,1,W,0.1
4,4,1,1,0,1,1,2,6,3,2,1,1,3,4,0.92
4,8,1,2,0,2,2,1,1,1,1,4,1,3,6,0.12
1,8,2,2,2,4,1,1,2,2,1,1,1,1,L,0.59
1,8,2,2,0,2,2,1,1,1,5,5,1,1,W,0.1
1,7,1,2,0,2,1,1,3,3,3,2,1,1,2,1.42
4,6,1,1,2,3,1,2,4,6,2,2,1,3,1,0.88
4,6,1,2,0,7,1,1,2,5,1,1,2,1,L,0.62
3,7,1,2,0,7,1,1,5,2,2,2,2,1,V,1.57
4,7,0,1,0,1,1,2,5,1,2,2,1,3,E,0.63
3,8,2,2,1,4,1,2,2,1,2,2,1,1,T,0.6
4,5,2,2,0,2,1,1,1,3,2,1,1,1,J,0.77
3,7,2,2,1,4,2,1,1,1,2,2,1,1,T,0.61
4,2,1,1,0,1,1,1,1,5,3,2,2,1,B,1.79
4,8,1,2,0,7,2,1,1,5,5,3,2,1,X,1.12
4,5,1,1,0,8,1,1,2,3,2,2,2,1,M,0.77
4,7,1,1,0,8,2,1,1,4,1,3,2,1,Z,0.09
3,8,2,3,0,6,1,1,2,6,2,2,1,1,V,1.46
2,4,1,1,0,1,1,1,4,6,3,2,1,3,P,1.9
4,6,1,2,3,5,1,2,4,4,2,2,1,3,V,2.02
3,4,1,1,0,8,1,2,5,2,1,2,2,1,I,1.14
4,8,1,2,2,4,2,1,1,4,1,3,1,1,Z,0.09
4,7,1,2,0,7,1,2,3,4,3,1,2,1,O,1.81
3,5,1,1,0,1,1,1,5,2,2,2,1,1,V,1.57
3,8,2,4,0,6,1,2,3,4,2,2,1,1,V,1.58
4,5,1,1,2,3,1,2,3,3,1,4,1,3,6,0.16
4,5,2,2,0,7,1,1,1,1,3,3,2,1,G,0.8
1,7,1,2,0,7,1,1,2,3,2,4,2,1,K,0.65
3,7,2,2,0,7,1,1,1,4,3,3,1,1,G,1.0
3,7,2,2,0,2,2,1,1,3,2,2,1,1,T,0.65
3,4,1,2,0,2,2,2,3,1,2,2,2,1,E,0.6
4,3,1,1,0,8,1,1,2,4,3,2,2,1,2,1.45
3,8,1,2,0,2,1,2,4,6,2,2,1,3,M,1.04
4,4,1,1,2,3,2,1,1,6,5,5,1,1,W,0.12
3,8,1,2,1,4,1,1,1,6,4,3,1,1,H,0.94
3,5,1,2,0,7,1,2,3,3,4,2,2,3,Y,1.51
4,7,2,5,0,6,1,1,2,1,3,3,1,1,Q,1.49
1,7,1,1,1,3,1,2,2,3,1,1,1,3,L,0.54
3,7,1,2,0,7,1,1,2,1,2,2,2,1,1,0.64
4,6,1,2,0,7,2,1,1,5,2,2,2,1,T,0.64
4,4,2,3,0,6,2,1,1,1,2,4,2,1,K,0.52
3,6,1,2,0,2,2,1,1,6,5,3,2,1,X,0.89
4,8,1,2,0,7,1,1,1,4,2,4,2,1,K,0.63
3,5,1,1,0,1,2,1,2,6,2,2,1,1,E,0.59
3,4,2,2,0,2,1,1,1,5,2,2,1,1,V,1.58
3,5,1,1,0,1,1,2,5,5,3,1,1,3,N,1.82
4,4,1,1,0,8,1,1,4,4,2,1,1,1,4,1.09
4,5,1,1,0,1,2,2,4,5,5,3,2,3,X,1.41
4,7,1,1,0,8,2,2,2,3,2,2,2,1,E,0.55
2,4,2,2,0,7,2,1,1,2,1,4,2,1,6,0.14
4,7,1,2,0,2,1,1,5,2,3,1,1,3,O,1.81
4,4,2,1,0,1,1,2,4,4,2,2,1,1,C,1.18
3,8,2,2,2,4,2,1,1,6,3,1,1,1,N,1.38
4,4,2,1,0,8,1,1,3,4,2,2,2,1,E,0.7
4,8,2,2,0,2,1,1,3,3,1,2,1,1,I,0.98
3,8,2,2,1,4,1,1,2,6,2,2,1,1,V,1.24
2,8,1,2,0,2,1,1,4,6,3,2,1,1,P,1.9
3,6,1,3,0,6,2,2,5,1,2,4,1,1,K,0.65
3,8,2,3,0,6,1,1,1,5,3,2,1,1,2,1.41
4,7,1,2,0,7,1,1,2,3,1,1,2,1,L,0.54
4,2,1,1,0,1,1,1,2,3,3,2,1,1,2,1.25
3,5,1,1,0,8,2,2,5,1,3,3,2,1,G,0.86
4,2,1,1,0,8,2,1,1,4,2,3,2,3,D,0.57
4,7,1,1,0,8,1,1,2,4,4,2,1,1,S,0.51
4,8,2,2,0,2,1,2,5,3,2,2,1,1,V,1.45
4,6,1,2,0,2,1,1,4,5,2,2,1,1,M,1.12
2,8,2,5,0,6,1,1,2,4,2,2,1,1,1,0.81
3,5,1,2,0,7,1,2,2,3,2,2,2,1,1,0.69
4,6,1,2,1,4,1,2,3,6,2,4,1,1,K,0.68
3,7,1,2,0,2,1,2,4,3,3,2,2,3,P,1.79
2,7,1,3,0,6,1,1,2,1,4,4,1,1,3,0.46
4,5,0,2,0,7,2,1,1,5,1,4,1,1,6,0.15
4,3,1,1,0,8,1,1,3,3,4,2,2,1,S,0.51
3,6,2,3,0,6,2,2,2,3,4,4,1,1,3,0.51
4,5,2,2,0,7,1,1,1,5,2,1,2,1,J,0.75
3,6,1,3,0,6,1,2,3,1,3,2,1,1,P,1.52
3,2,2,2,0,2,1,1,1,4,2,2,2,1,1,0.81
4,5,1,1,0,1,1,1,4,1,4,4,1,1,3,0.59
4,5,1,1,0,1,1,1,5,2,4,4,1,3,3,0.68
3,6,1,2,0,7,1,1,1,6,2,2,2,1,C,1.0
4,4,0,1,0,8,2,2,5,3,1,2,2,3,I,1.07
3,3,0,1,0,1,2,2,5,2,1,2,2,3,I,1.16
4,8,2,2,0,7,1,1,2,4,1,1,1,1,R,0.98
3,7,0,1,0,1,1,2,4,3,2,2,1,3,M,0.98
3,4,1,2,0,2,2,1,1,1,3,2,2,1,F,0.36
2,2,2,2,0,2,2,1,1,5,1,3,2,1,Z,0.09
4,3,1,1,0,1,1,2,2,2,3,1,2,1,N,1.38
4,6,1,2,1,4,2,1,1,5,3,2,1,1,B,1.55
3,5,1,1,0,1,1,1,4,5,3,1,1,3,N,1.85
4,4,1,1,0,8,1,1,3,5,2,1,2,1,4,0.84
4,8,2,2,2,3,2,1,3,2,5,5,1,1,W,0.14
4,8,2,2,0,7,1,2,2,1,3,2,1,1,P,1.31
1,6,2,2,0,7,2,1,1,6,2,2,2,1,E,0.51
4,4,0,1,0,1,1,2,4,6,3,2,1,3,P,1.9
3,8,2,2,1,4,1,1,2,2,2,2,1,1,1,0.75
4,8,2,2,0,2,2,1,1,5,3,1,1,1,O,1.56
4,4,1,2,0,7,2,1,3,1,2,4,2,3,K,0.6
3,8,1,2,2,4,1,2,3,2,3,2,1,1,P,1.78
4,8,2,2,0,2,1,1,2,3,4,3,1,1,H,0.88
3,8,2,3,1,5,1,1,2,6,3,1,1,1,O,1.39
3,8,1,1,0,8,2,1,2,1,2,2,1,1,E,0.44
3,8,1,4,0,6,1,2,2,2,2,2,1,1,C,0.86
4,6,1,2,0,2,2,2,3,4,5,3,1,3,X,1.31
4,6,1,1,0,8,1,2,3,4,1,1,2,1,U,1.72
4,7,2,3,0,6,1,2,2,3,1,1,1,1,L,0.54
4,3,1,2,3,5,2,1,1,3,5,5,2,3,W,0.11
4,4,1,1,0,8,1,1,1,2,2,2,2,1,C,0.87
2,8,1,2,0,2,1,1,6,6,2,2,1,1,M,1.02
4,5,1,1,0,1,1,1,2,3,1,1,1,1,L,0.54
3,5,1,2,1,4,1,2,5,1,3,1,1,1,N,1.47
4,7,0,2,1,4,1,2,5,2,3,2,1,1,F,0.51
3,8,2,4,0,6,1,1,2,4,3,2,1,1,F,0.43
3,8,1,2,0,2,2,1,1,4,2,4,1,1,K,0.66
3,8,1,2,0,2,1,1,1,5,2,2,1,1,V,1.34
4,5,1,1,0,8,1,1,3,4,2,2,2,1,V,1.58
4,4,1,1,1,3,1,1,4,6,1,1,1,3,L,0.73
3,1,2,3,0,6,1,2,3,4,4,4,2,1,3,0.68
4,7,1,2,0,2,2,1,1,3,1,4,1,3,6,0.13
4,6,1,1,0,1,2,1,1,4,1,3,1,1,Z,0.09
4,8,2,3,1,5,1,1,1,4,3,1,1,1,5,1.41
4,8,2,2,0,2,1,1,1,5,2,4,1,1,K,0.75
2,8,2,2,0,7,1,1,1,5,2,3,1,1,D,0.64
4,8,2,2,2,4,1,1,2,2,2,1,1,1,4,0.8
3,8,1,2,0,7,1,2,4,2,3,2,2,1,P,1.94
4,8,2,2,0,2,2,1,1,2,3,2,1,3,2,1.38
3,8,2,4,0,6,1,1,1,4,3,3,1,1,G,0.95
4,5,1,2,0,7,1,1,3,3,1,1,2,1,U,1.48
1,8,2,2,0,2,1,1,1,5,4,4,1,1,3,0.57
3,8,1,2,3,5,2,1,1,6,3,2,1,1,F,0.41
4,7,1,1,0,1,1,2,4,4,3,1,1,3,O,1.98
4,8,1,2,0,7,1,2,7,1,2,2,2,1,M,0.89
3,5,1,1,0,1,2,1,1,2,1,4,1,3,6,0.14
4,3,1,2,0,7,1,1,3,4,3,1,2,1,5,1.59
4,8,2,2,4,5,1,1,1,4,5,5,1,1,W,0.14
3,7,1,2,0,2,1,2,3,5,2,2,1,1,T,0.83
4,7,2,2,1,3,1,1,2,5,4,4,1,1,3,0.58
3,6,1,2,0,1,1,1,2,2,5,5,1,1,W,0.13
4,8,2,3,2,4,1,1,3,4,1,1,1,1,R,1.14
3,8,1,1,2,3,1,1,2,6,3,1,1,1,5,1.28
3,5,0,1,3,3,1,2,4,4,2,2,2,3,V,1.72
3,1,1,2,0,7,1,1,2,3,3,3,2,1,G,0.84
4,8,1,2,0,2,1,1,4,4,3,2,1,1,P,2.08
3,8,2,4,0,6,1,1,2,2,3,1,1,1,N,1.38
4,8,2,2,0,2,1,1,1,5,3,1,1,1,5,1.38
4,4,1,1,0,1,1,2,5,2,2,1,1,3,4,1.0
